<?xml version="1.0"?>
<!--<!DOCTYPE metadata SYSTEM "http://www.esri.com/metadata/esriprof80.dtd">-->
<metadata xml:lang="en"><Esri><CreaDate>20040922</CreaDate><CreaTime>14230900</CreaTime><SyncOnce>FALSE</SyncOnce><SyncDate>20040511</SyncDate><SyncTime>12562700</SyncTime><ModDate>20040511</ModDate><ModTime>12562700</ModTime><MetaID>{FB70FCF1-B715-49F5-B1DB-62EFEB8D1A0D}</MetaID></Esri><idinfo><native Sync="TRUE">Microsoft Windows 2000 Version 5.1 (Build 2600) Service Pack 1; ESRI ArcCatalog 8.3.0.800</native><descript><langdata Sync="TRUE">en</langdata><abstract>This data set is a vector near-facsimile of the National Atlas map:  Engineering aspects of karst, by William E. Davies and others, 1984. </abstract><purpose>The purpose of this data set is to provide users with a national scale karst data coverage to use for graphic and demonstration purposes until a new, improved data set is developed. Because it has been converted to GIS format, this data can be easily projected, displayed and queried for multiple uses. This data is not intended and should not be used for site-specific research.</purpose></descript><citation><citeinfo><origin>Davies, W.E., Simpson, J.H., Ohlmacher, G.C., Kirk, W.E., and Newton, E.G.</origin><pubdate>1984</pubdate><title>Engineering aspects of karst</title><ftname Sync="TRUE">karst_polys</ftname><geoform Sync="TRUE">vector digital data</geoform><lworkcit><citeinfo><origin>Davies, W.E., Simpson, J.H., Ohlmacher, G.C., Kirk, W.S., and Newton, E.G., </origin><pubdate>1984</pubdate><title>Engineering aspects of karst</title><serinfo><sername>National Atlas</sername></serinfo><pubinfo><publish>U.S. Geological Survey</publish></pubinfo><othercit>Scale 1:7,500,000
Abers equal area projection</othercit></citeinfo></lworkcit><onlink Sync="TRUE"></onlink><serinfo><sername>United States National Atlas</sername></serinfo><pubinfo><pubplace>Reston, VA, USA</pubplace><publish>U.S.Geological Survey</publish></pubinfo></citeinfo></citation><timeperd><current>publication date</current><timeinfo><sngdate><caldate>1984</caldate></sngdate></timeinfo></timeperd><status><progress>Complete</progress><update>None planned</update></status><spdom><bounding><westbc Sync="TRUE">-179.966964</westbc><eastbc Sync="TRUE">179.974553</eastbc><northbc Sync="TRUE">90.000000</northbc><southbc Sync="TRUE">9.364831</southbc></bounding><lboundng><leftbc Sync="TRUE">-6153857.000000</leftbc><rightbc Sync="TRUE">2209021.500000</rightbc><bottombc Sync="TRUE">-1220926.625000</bottombc><topbc Sync="TRUE">4657402.500000</topbc></lboundng></spdom><keywords><theme><themekey>karst</themekey><themekey>caves</themekey><themekey>carbonates</themekey><themekey>gypsum</themekey></theme><place><placekey>United States of America</placekey></place></keywords><accconst>This data may be freely used by the general public with proper citation of the original source map.</accconst><useconst>None with proper citation. The U.S. Geological Survey does not warranty the accuracy of this data. This is draft data and has not been reviewed for compliance to U.S. Geological Survey standards. This data has a resolution of 1:7,500,000 at best and should not be used for site-specific studies.</useconst><natvform Sync="TRUE">ArcInfo Coverage</natvform><ptcontac><cntinfo><cntperp><cntper>David Weary</cntper><cntorg>USGS</cntorg></cntperp><cntpos>Geologist</cntpos><cntvoice>703-648-6897</cntvoice><cntemail>dweary@usgs.gov</cntemail><hours>7:30 AM - 3:30 PM ET</hours></cntinfo></ptcontac><secinfo><secclass>Unclassified</secclass></secinfo></idinfo><dataIdInfo><envirDesc Sync="TRUE">Microsoft Windows 2000 Version 5.1 (Build 2600) Service Pack 1; ESRI ArcCatalog 8.3.0.800</envirDesc><dataLang><languageCode Sync="TRUE" value="en"></languageCode></dataLang><idCitation><resTitle Sync="TRUE">karst_polys</resTitle><presForm><PresFormCd Sync="TRUE" value="005"></PresFormCd></presForm></idCitation><spatRpType><SpatRepTypCd Sync="TRUE" value="001"></SpatRepTypCd></spatRpType><geoBox esriExtentType="decdegrees"><westBL Sync="TRUE">-179.966964</westBL><eastBL Sync="TRUE">179.974553</eastBL><northBL Sync="TRUE">90</northBL><southBL Sync="TRUE">9.364831</southBL><exTypeCode Sync="TRUE">1</exTypeCode></geoBox><dataExt><geoEle><GeoBndBox esriExtentType="native"><westBL Sync="TRUE">-6153857</westBL><eastBL Sync="TRUE">2209021.5</eastBL><northBL Sync="TRUE">4657402.5</northBL><southBL Sync="TRUE">-1220926.625</southBL><exTypeCode Sync="TRUE">1</exTypeCode></GeoBndBox></geoEle></dataExt></dataIdInfo><metainfo><langmeta Sync="TRUE">en</langmeta><metstdn Sync="TRUE">FGDC Content Standards for Digital Geospatial Metadata</metstdn><metstdv Sync="TRUE">FGDC-STD-001-1998</metstdv><mettc Sync="TRUE">local time</mettc><metc><cntinfo><cntorgp><cntper>REQUIRED: The person responsible for the metadata information.</cntper><cntorg>REQUIRED: The organization responsible for the metadata information.</cntorg></cntorgp><cntaddr><addrtype>REQUIRED: The mailing and/or physical address for the organization or individual.</addrtype><city>REQUIRED: The city of the address.</city><state>REQUIRED: The state or province of the address.</state><postal>REQUIRED: The ZIP or other postal code of the address.</postal></cntaddr><cntvoice>REQUIRED: The telephone number by which individuals can speak to the organization or individual.</cntvoice></cntinfo></metc><metd Sync="TRUE">20040511</metd><metextns><onlink Sync="TRUE">http://www.esri.com/metadata/esriprof80.html</onlink><metprof Sync="TRUE">ESRI Metadata Profile</metprof></metextns></metainfo><mdLang><languageCode Sync="TRUE" value="en"></languageCode></mdLang><mdStanName Sync="TRUE">ISO 19115 Geographic Information - Metadata</mdStanName><mdStanVer Sync="TRUE">DIS_ESRI1.0</mdStanVer><mdChar><CharSetCd Sync="TRUE" value="004"></CharSetCd></mdChar><mdHrLv><ScopeCd Sync="TRUE" value="005"></ScopeCd></mdHrLv><mdHrLvName Sync="TRUE">dataset</mdHrLvName><distinfo><resdesc Sync="TRUE">Downloadable Data</resdesc><stdorder><digform><digtinfo><transize Sync="TRUE">1.574</transize><dssize Sync="TRUE">1.574</dssize></digtinfo></digform></stdorder><distrib><cntinfo><cntperp><cntper>David Weary</cntper><cntorg>U.S. Geological Survey</cntorg></cntperp><cntpos>Geologist</cntpos><cntvoice>703-648-6897</cntvoice><cntemail>dweary@usgs.gov</cntemail></cntinfo></distrib><distliab>This is draft data and has not been reviewed for compliance with USGS standards. The USGS does not waranty the accuracy or completeness of this data</distliab><techpreq>This data requires a GIS software to fully view, query, and manipulate.</techpreq></distinfo><distInfo><distributor><distorTran><onLineSrc><orDesc Sync="TRUE">002</orDesc><linkage Sync="TRUE">file://</linkage><protocol Sync="TRUE">Local Area Network</protocol></onLineSrc><transSize Sync="TRUE">1.574</transSize></distorTran><distorFormat><formatName Sync="TRUE">ArcInfo Coverage</formatName></distorFormat></distributor></distInfo><spdoinfo><direct Sync="TRUE">Vector</direct><ptvctinf><esriterm Name="arc"><efeatyp Sync="TRUE">Simple</efeatyp><efeageom Sync="TRUE">Arc</efeageom><esritopo Sync="TRUE">FALSE</esritopo><efeacnt Sync="TRUE">1901</efeacnt><spindex Sync="TRUE">TRUE</spindex><linrefer Sync="TRUE">FALSE</linrefer></esriterm><sdtsterm Name="arc"><sdtstype Sync="TRUE">Complete chain</sdtstype><ptvctcnt Sync="TRUE">1901</ptvctcnt></sdtsterm><esriterm Name="label"><efeatyp Sync="TRUE">Simple</efeatyp><efeageom Sync="TRUE">Label</efeageom><esritopo Sync="TRUE">FALSE</esritopo><efeacnt Sync="TRUE">1464</efeacnt><spindex Sync="TRUE">TRUE</spindex><linrefer Sync="TRUE">FALSE</linrefer></esriterm><sdtsterm Name="label"><sdtstype Sync="TRUE">Label point</sdtstype><ptvctcnt Sync="TRUE">1464</ptvctcnt></sdtsterm><esriterm Name="polygon"><efeatyp Sync="TRUE">Simple</efeatyp><efeageom Sync="TRUE">Polygon</efeageom><esritopo Sync="TRUE">TRUE</esritopo><efeacnt Sync="TRUE">1459</efeacnt><spindex Sync="TRUE">TRUE</spindex><linrefer Sync="TRUE">FALSE</linrefer></esriterm><sdtsterm Name="polygon"><sdtstype Sync="TRUE">GT-polygon composed of chains</sdtstype><ptvctcnt Sync="TRUE">1459</ptvctcnt></sdtsterm><esriterm Name="tic"><efeatyp Sync="TRUE">Simple</efeatyp><efeageom Sync="TRUE">Tic</efeageom><esritopo Sync="TRUE">FALSE</esritopo><efeacnt Sync="TRUE">61</efeacnt><spindex Sync="TRUE">FALSE</spindex><linrefer Sync="TRUE">FALSE</linrefer></esriterm><sdtsterm Name="tic"><sdtstype Sync="TRUE">Point</sdtstype><ptvctcnt Sync="TRUE">61</ptvctcnt></sdtsterm><esriterm Name="link"><efeatyp Sync="TRUE">Simple</efeatyp><efeageom Sync="TRUE">Link</efeageom><esritopo Sync="TRUE">FALSE</esritopo><efeacnt Sync="TRUE">45</efeacnt><spindex Sync="TRUE">FALSE</spindex><linrefer Sync="TRUE">FALSE</linrefer></esriterm><sdtsterm Name="link"><sdtstype Sync="TRUE">String</sdtstype><ptvctcnt Sync="TRUE">45</ptvctcnt></sdtsterm></ptvctinf></spdoinfo><spref><horizsys><cordsysn><geogcsn Sync="TRUE">GCS_North_American_1983</geogcsn><projcsn Sync="TRUE">NAD_1983_Albers</projcsn></cordsysn><geodetic><horizdn Sync="TRUE">North American Datum of 1983</horizdn><ellips Sync="TRUE">Geodetic Reference System 80</ellips><semiaxis Sync="TRUE">6378137.000000</semiaxis><denflat Sync="TRUE">298.257222</denflat></geodetic><planar><planci><plance Sync="TRUE">coordinate pair</plance><plandu Sync="TRUE">meters</plandu><coordrep><absres Sync="TRUE">0.016384</absres><ordres Sync="TRUE">0.016384</ordres></coordrep></planci><mapproj><mapprojn Sync="TRUE">Albers Conical Equal Area</mapprojn><albers><stdparll Sync="TRUE">25.000000</stdparll><stdparll Sync="TRUE">50.000000</stdparll><longcm Sync="TRUE">-96.000000</longcm><latprjo Sync="TRUE">37.000000</latprjo><feast Sync="TRUE">0.000000</feast><fnorth Sync="TRUE">0.000000</fnorth></albers></mapproj></planar></horizsys></spref><refSysInfo><RefSystem><refSysID><identCode Sync="TRUE">NAD_1983_Albers</identCode></refSysID></RefSystem></refSysInfo><spatRepInfo><VectSpatRep><topLvl><TopoLevCd Sync="TRUE" value="004"></TopoLevCd></topLvl><geometObjs Name="arc"><geoObjTyp><GeoObjTypCd Sync="TRUE" value="003"></GeoObjTypCd></geoObjTyp><geoObjCnt Sync="TRUE">1901</geoObjCnt></geometObjs><geometObjs Name="label"><geoObjTyp><GeoObjTypCd Sync="TRUE" value="004"></GeoObjTypCd></geoObjTyp><geoObjCnt Sync="TRUE">1464</geoObjCnt></geometObjs><geometObjs Name="polygon"><geoObjTyp><GeoObjTypCd Sync="TRUE" value="002"></GeoObjTypCd></geoObjTyp><geoObjCnt Sync="TRUE">1459</geoObjCnt></geometObjs><geometObjs Name="tic"><geoObjTyp><GeoObjTypCd Sync="TRUE" value="004"></GeoObjTypCd></geoObjTyp><geoObjCnt Sync="TRUE">61</geoObjCnt></geometObjs><geometObjs Name="link"><geoObjTyp><GeoObjTypCd Sync="TRUE" value="003"></GeoObjTypCd></geoObjTyp><geoObjCnt Sync="TRUE">45</geoObjCnt></geometObjs></VectSpatRep></spatRepInfo><eainfo><detailed Name="karst_polys.aat"><enttyp><enttypl Sync="TRUE">karst_polys.aat</enttypl><enttypt Sync="TRUE">Feature Class</enttypt><enttypc Sync="TRUE">1901</enttypc></enttyp><attr><attrlabl Sync="TRUE">FID</attrlabl><attalias Sync="TRUE">FID</attalias><attrtype Sync="TRUE">OID</attrtype><attwidth Sync="TRUE">4</attwidth><atprecis Sync="TRUE">0</atprecis><attscale Sync="TRUE">0</attscale><attrdef Sync="TRUE">Internal feature number.</attrdef><attrdefs Sync="TRUE">ESRI</attrdefs><attrdomv><udom Sync="TRUE">Sequential unique whole numbers that are automatically generated.</udom></attrdomv></attr><attr><attrlabl Sync="TRUE">Shape</attrlabl><attalias Sync="TRUE">Shape</attalias><attrtype Sync="TRUE">Geometry</attrtype><attwidth Sync="TRUE">0</attwidth><atprecis Sync="TRUE">0</atprecis><attscale Sync="TRUE">0</attscale><attrdef Sync="TRUE">Feature geometry.</attrdef><attrdefs Sync="TRUE">ESRI</attrdefs><attrdomv><udom Sync="TRUE">Coordinates defining the features.</udom></attrdomv></attr><attr><attrlabl Sync="TRUE">FNODE#</attrlabl><attwidth Sync="TRUE">4</attwidth><atoutwid Sync="TRUE">5</atoutwid><attrtype Sync="TRUE">Binary</attrtype><attrdef Sync="TRUE">Internal node number for the beginning of an arc (from-node).</attrdef><attrdefs Sync="TRUE">ESRI</attrdefs><attrdomv><udom Sync="TRUE">Whole numbers that are automatically generated.</udom></attrdomv></attr><attr><attrlabl Sync="TRUE">TNODE#</attrlabl><attwidth Sync="TRUE">4</attwidth><atoutwid Sync="TRUE">5</atoutwid><attrtype Sync="TRUE">Binary</attrtype><attrdef Sync="TRUE">Internal node number for the end of an arc (to-node).</attrdef><attrdefs Sync="TRUE">ESRI</attrdefs><attrdomv><udom Sync="TRUE">Whole numbers that are automatically generated.</udom></attrdomv></attr><attr><attrlabl Sync="TRUE">LPOLY#</attrlabl><attwidth Sync="TRUE">4</attwidth><atoutwid Sync="TRUE">5</atoutwid><attrtype Sync="TRUE">Binary</attrtype><attrdef Sync="TRUE">Internal node number for the left polygon.</attrdef><attrdefs Sync="TRUE">ESRI</attrdefs><attrdomv><udom Sync="TRUE">Whole numbers that are automatically generated.</udom></attrdomv></attr><attr><attrlabl Sync="TRUE">RPOLY#</attrlabl><attwidth Sync="TRUE">4</attwidth><atoutwid Sync="TRUE">5</atoutwid><attrtype Sync="TRUE">Binary</attrtype><attrdef Sync="TRUE">Internal node number for the right polygon.</attrdef><attrdefs Sync="TRUE">ESRI</attrdefs><attrdomv><udom Sync="TRUE">Whole numbers that are automatically generated.</udom></attrdomv></attr><attr><attrlabl Sync="TRUE">LENGTH</attrlabl><attwidth Sync="TRUE">4</attwidth><atoutwid Sync="TRUE">12</atoutwid><attrtype Sync="TRUE">Float</attrtype><atnumdec Sync="TRUE">3</atnumdec><attrdef Sync="TRUE">Length of feature in internal units.</attrdef><attrdefs Sync="TRUE">ESRI</attrdefs><attrdomv><udom Sync="TRUE">Positive real numbers that are automatically generated.</udom></attrdomv></attr><attr><attrlabl Sync="TRUE">KARST_POLYS#</attrlabl><attwidth Sync="TRUE">4</attwidth><atoutwid Sync="TRUE">5</atoutwid><attrtype Sync="TRUE">Binary</attrtype><attrdef Sync="TRUE">Internal feature number.</attrdef><attrdefs Sync="TRUE">ESRI</attrdefs><attrdomv><udom Sync="TRUE">Sequential unique whole numbers that are automatically generated.</udom></attrdomv></attr><attr><attrlabl Sync="TRUE">KARST_POLYS-ID</attrlabl><attwidth Sync="TRUE">4</attwidth><atoutwid Sync="TRUE">5</atoutwid><attrtype Sync="TRUE">Binary</attrtype><attrdef Sync="TRUE">User-defined feature number.</attrdef><attrdefs Sync="TRUE">ESRI</attrdefs></attr></detailed><detailed Name="karst_polys.pat"><enttyp><enttypl Sync="TRUE">karst_polys.pat</enttypl><enttypt Sync="TRUE">Feature Class</enttypt><enttypc Sync="TRUE">1459</enttypc></enttyp><attr><attrlabl Sync="TRUE">FID</attrlabl><attalias Sync="TRUE">FID</attalias><attrtype Sync="TRUE">OID</attrtype><attwidth Sync="TRUE">4</attwidth><atprecis Sync="TRUE">0</atprecis><attscale Sync="TRUE">0</attscale><attrdef Sync="TRUE">Internal feature number.</attrdef><attrdefs Sync="TRUE">ESRI</attrdefs><attrdomv><udom Sync="TRUE">Sequential unique whole numbers that are automatically generated.</udom></attrdomv></attr><attr><attrlabl Sync="TRUE">Shape</attrlabl><attalias Sync="TRUE">Shape</attalias><attrtype Sync="TRUE">Geometry</attrtype><attwidth Sync="TRUE">0</attwidth><atprecis Sync="TRUE">0</atprecis><attscale Sync="TRUE">0</attscale><attrdef Sync="TRUE">Feature geometry.</attrdef><attrdefs Sync="TRUE">ESRI</attrdefs><attrdomv><udom Sync="TRUE">Coordinates defining the features.</udom></attrdomv></attr><attr><attrlabl Sync="TRUE">AREA</attrlabl><attwidth Sync="TRUE">4</attwidth><atoutwid Sync="TRUE">12</atoutwid><attrtype Sync="TRUE">Float</attrtype><atnumdec Sync="TRUE">3</atnumdec><attrdef Sync="TRUE">Area of feature in internal units squared.</attrdef><attrdefs Sync="TRUE">ESRI</attrdefs><attrdomv><udom Sync="TRUE">Positive real numbers that are automatically generated.</udom></attrdomv></attr><attr><attrlabl Sync="TRUE">PERIMETER</attrlabl><attwidth Sync="TRUE">4</attwidth><atoutwid Sync="TRUE">12</atoutwid><attrtype Sync="TRUE">Float</attrtype><atnumdec Sync="TRUE">3</atnumdec><attrdef Sync="TRUE">Perimeter of feature in internal units.</attrdef><attrdefs Sync="TRUE">ESRI</attrdefs><attrdomv><udom Sync="TRUE">Positive real numbers that are automatically generated.</udom></attrdomv></attr><attr><attrlabl Sync="TRUE">KARST_POLYS#</attrlabl><attwidth Sync="TRUE">4</attwidth><atoutwid Sync="TRUE">5</atoutwid><attrtype Sync="TRUE">Binary</attrtype><attrdef Sync="TRUE">Internal feature number.</attrdef><attrdefs Sync="TRUE">ESRI</attrdefs><attrdomv><udom Sync="TRUE">Sequential unique whole numbers that are automatically generated.</udom></attrdomv></attr><attr><attrlabl Sync="TRUE">KARST_POLYS-ID</attrlabl><attwidth Sync="TRUE">4</attwidth><atoutwid Sync="TRUE">5</atoutwid><attrtype Sync="TRUE">Binary</attrtype><attrdef Sync="TRUE">User-defined feature number.</attrdef><attrdefs Sync="TRUE">ESRI</attrdefs></attr><attr><attrlabl Sync="TRUE">K_TYPE</attrlabl><attwidth Sync="TRUE">20</attwidth><atoutwid Sync="TRUE">20</atoutwid><attrtype Sync="TRUE">Character</attrtype><attrdef>abbreviation used to lable karst types</attrdef></attr><attr><attrlabl Sync="TRUE">DESCRIPT</attrlabl><attwidth Sync="TRUE">300</attwidth><atoutwid Sync="TRUE">300</atoutwid><attrtype Sync="TRUE">Character</attrtype><attrdef>Full description of map unit from the original Davies and others, 1984 map</attrdef></attr></detailed></eainfo><mdDateSt Sync="TRUE">20040511</mdDateSt><dataqual><attracc><attraccr>All polygon atrtributes were checked for correct values against original hard copy by the authors</attraccr></attracc><logic>These data are believed to be logically consistent, though no rigorous formal test were performed. Polygon coverages were queried to screen for empty or inconsistent values. Line geometry is topologically clean.</logic><complete>The data are complete at a resolution of 1:7,500,000

</complete><lineage><srcinfo><srcscale>7,500,000</srcscale><typesrc>stable-base hardcopy</typesrc><srctime><timeinfo><sngdate><caldate>1984</caldate></sngdate></timeinfo></srctime><srccite><citeinfo><title>Engineering aspects of karst</title><origin>Davies, W.E., Simpson, J.H., Ohlmacher, G.C., Kirk, W.E., and Newton, E.G.</origin><pubdate>1984</pubdate><serinfo><sername>National atlas of the United States of America</sername></serinfo><pubinfo><pubplace>Reston, VA, USA</pubplace><publish>U.S. Geological Survey</publish></pubinfo></citeinfo></srccite></srcinfo><procstep><procdesc>Stable-base negatives of the map were scanned 1:1 with the map scale at 600 dpi, the outlines of the karst polygons were vectorized and attributed in a GIS. The values of th polygons were then queried in GIS software to check for empty and incorrect values and the polygons were checked visually against the original printed map for attribute and positional accuracy.</procdesc><procdate>2003-2004</procdate></procstep><procstep><procdesc Sync="TRUE">Dataset copied.</procdesc><srcused Sync="TRUE"></srcused><date Sync="TRUE">20040806</date><time Sync="TRUE">09575100</time></procstep><procstep><procdesc Sync="TRUE">Dataset copied.</procdesc><srcused Sync="TRUE">\\IGSAAAEGWS6897\D$\karst\Davies_OF_working\CD_package\data\us_karstalb.mdb</srcused><date Sync="TRUE">20040922</date><time Sync="TRUE">14230900</time></procstep></lineage></dataqual></metadata>
