<?xml version="1.0"?>
<!--<!DOCTYPE metadata SYSTEM "http://www.esri.com/metadata/esriprof80.dtd">-->
<metadata xml:lang="en"><Esri><MetaID>{3BE2616E-5515-452F-AB8C-828AA6DCFBFF}</MetaID><CreaDate>20080407</CreaDate><CreaTime>13150200</CreaTime><SyncOnce>FALSE</SyncOnce><SyncDate>20080417</SyncDate><SyncTime>08352100</SyncTime><ModDate>20080417</ModDate><ModTime>08352100</ModTime><DataProperties><lineage><Process Name="FeatureClassToFeatureClass_5" ToolSource="C:\arcgis\ArcToolbox\Toolboxes\Conversion Tools.tbx\FeatureClassToFeatureClass" Date="20080407" Time="131506">FeatureClassToFeatureClass C:\karst\appalachian_OF_working\appalachian_OF_working\COUNTIES.shp C:\karst\appalachian_OF_working\appalachian_OF_working\Appalachian_OFR\Review_and_GIS\GIS_data\Appalachian_karst.mdb\appalachian_data AP_counties # "NAME NAME true false false 32 Text 0 0 ,First,#,C:\karst\appalachian_OF_working\appalachian_OF_working\COUNTIES.shp,NAME,-1,-1;STATE_NAME STATE_NAME true false false 25 Text 0 0 ,First,#,C:\karst\appalachian_OF_working\appalachian_OF_working\COUNTIES.shp,STATE_NAME,-1,-1;STATE_FIPS STATE_FIPS true false false 2 Text 0 0 ,First,#,C:\karst\appalachian_OF_working\appalachian_OF_working\COUNTIES.shp,STATE_FIPS,-1,-1;CNTY_FIPS CNTY_FIPS true false false 3 Text 0 0 ,First,#,C:\karst\appalachian_OF_working\appalachian_OF_working\COUNTIES.shp,CNTY_FIPS,-1,-1;FIPS FIPS true false false 5 Text 0 0 ,First,#,C:\karst\appalachian_OF_working\appalachian_OF_working\COUNTIES.shp,FIPS,-1,-1;AREA AREA true false false 18 Double 4 17 ,First,#,C:\karst\appalachian_OF_working\appalachian_OF_working\COUNTIES.shp,AREA,-1,-1;POP1990 POP1990 true false false 10 Double 0 10 ,First,#,C:\karst\appalachian_OF_working\appalachian_OF_working\COUNTIES.shp,POP1990,-1,-1;POP1999 POP1999 true false false 10 Double 0 10 ,First,#,C:\karst\appalachian_OF_working\appalachian_OF_working\COUNTIES.shp,POP1999,-1,-1;POP90_SQMI POP90_SQMI true false false 6 Long 0 6 ,First,#,C:\karst\appalachian_OF_working\appalachian_OF_working\COUNTIES.shp,POP90_SQMI,-1,-1;HOUSEHOLDS HOUSEHOLDS true false false 8 Long 0 8 ,First,#,C:\karst\appalachian_OF_working\appalachian_OF_working\COUNTIES.shp,HOUSEHOLDS,-1,-1;MALES MALES true false false 8 Long 0 8 ,First,#,C:\karst\appalachian_OF_working\appalachian_OF_working\COUNTIES.shp,MALES,-1,-1;FEMALES FEMALES true false false 8 Long 0 8 ,First,#,C:\karst\appalachian_OF_working\appalachian_OF_working\COUNTIES.shp,FEMALES,-1,-1;WHITE WHITE true false false 8 Long 0 8 ,First,#,C:\karst\appalachian_OF_working\appalachian_OF_working\COUNTIES.shp,WHITE,-1,-1;BLACK BLACK true false false 8 Long 0 8 ,First,#,C:\karst\appalachian_OF_working\appalachian_OF_working\COUNTIES.shp,BLACK,-1,-1;AMERI_ES AMERI_ES true false false 6 Long 0 6 ,First,#,C:\karst\appalachian_OF_working\appalachian_OF_working\COUNTIES.shp,AMERI_ES,-1,-1;ASIAN_PI ASIAN_PI true false false 7 Long 0 7 ,First,#,C:\karst\appalachian_OF_working\appalachian_OF_working\COUNTIES.shp,ASIAN_PI,-1,-1;OTHER OTHER true false false 8 Long 0 8 ,First,#,C:\karst\appalachian_OF_working\appalachian_OF_working\COUNTIES.shp,OTHER,-1,-1;HISPANIC HISPANIC true false false 8 Long 0 8 ,First,#,C:\karst\appalachian_OF_working\appalachian_OF_working\COUNTIES.shp,HISPANIC,-1,-1;AGE_UNDER5 AGE_UNDER5 true false false 7 Long 0 7 ,First,#,C:\karst\appalachian_OF_working\appalachian_OF_working\COUNTIES.shp,AGE_UNDER5,-1,-1;AGE_5_17 AGE_5_17 true false false 8 Long 0 8 ,First,#,C:\karst\appalachian_OF_working\appalachian_OF_working\COUNTIES.shp,AGE_5_17,-1,-1;AGE_18_29 AGE_18_29 true false false 8 Long 0 8 ,First,#,C:\karst\appalachian_OF_working\appalachian_OF_working\COUNTIES.shp,AGE_18_29,-1,-1;AGE_30_49 AGE_30_49 true false false 8 Long 0 8 ,First,#,C:\karst\appalachian_OF_working\appalachian_OF_working\COUNTIES.shp,AGE_30_49,-1,-1;AGE_50_64 AGE_50_64 true false false 8 Long 0 8 ,First,#,C:\karst\appalachian_OF_working\appalachian_OF_working\COUNTIES.shp,AGE_50_64,-1,-1;AGE_65_UP AGE_65_UP true false false 7 Long 0 7 ,First,#,C:\karst\appalachian_OF_working\appalachian_OF_working\COUNTIES.shp,AGE_65_UP,-1,-1;NEVERMARRY NEVERMARRY true false false 8 Long 0 8 ,First,#,C:\karst\appalachian_OF_working\appalachian_OF_working\COUNTIES.shp,NEVERMARRY,-1,-1;MARRIED MARRIED true false false 8 Long 0 8 ,First,#,C:\karst\appalachian_OF_working\appalachian_OF_working\COUNTIES.shp,MARRIED,-1,-1;SEPARATED SEPARATED true false false 7 Long 0 7 ,First,#,C:\karst\appalachian_OF_working\appalachian_OF_working\COUNTIES.shp,SEPARATED,-1,-1;WIDOWED WIDOWED true false false 7 Long 0 7 ,First,#,C:\karst\appalachian_OF_working\appalachian_OF_working\COUNTIES.shp,WIDOWED,-1,-1;DIVORCED DIVORCED true false false 7 Long 0 7 ,First,#,C:\karst\appalachian_OF_working\appalachian_OF_working\COUNTIES.shp,DIVORCED,-1,-1;HSEHLD_1_M HSEHLD_1_M true false false 7 Long 0 7 ,First,#,C:\karst\appalachian_OF_working\appalachian_OF_working\COUNTIES.shp,HSEHLD_1_M,-1,-1;HSEHLD_1_F HSEHLD_1_F true false false 7 Long 0 7 ,First,#,C:\karst\appalachian_OF_working\appalachian_OF_working\COUNTIES.shp,HSEHLD_1_F,-1,-1;MARHH_CHD MARHH_CHD true false false 7 Long 0 7 ,First,#,C:\karst\appalachian_OF_working\appalachian_OF_working\COUNTIES.shp,MARHH_CHD,-1,-1;MARHH_NO_C MARHH_NO_C true false false 7 Long 0 7 ,First,#,C:\karst\appalachian_OF_working\appalachian_OF_working\COUNTIES.shp,MARHH_NO_C,-1,-1;MHH_CHILD MHH_CHILD true false false 6 Long 0 6 ,First,#,C:\karst\appalachian_OF_working\appalachian_OF_working\COUNTIES.shp,MHH_CHILD,-1,-1;FHH_CHILD FHH_CHILD true false false 7 Long 0 7 ,First,#,C:\karst\appalachian_OF_working\appalachian_OF_working\COUNTIES.shp,FHH_CHILD,-1,-1;HSE_UNITS HSE_UNITS true false false 8 Long 0 8 ,First,#,C:\karst\appalachian_OF_working\appalachian_OF_working\COUNTIES.shp,HSE_UNITS,-1,-1;VACANT VACANT true false false 7 Long 0 7 ,First,#,C:\karst\appalachian_OF_working\appalachian_OF_working\COUNTIES.shp,VACANT,-1,-1;OWNER_OCC OWNER_OCC true false false 8 Long 0 8 ,First,#,C:\karst\appalachian_OF_working\appalachian_OF_working\COUNTIES.shp,OWNER_OCC,-1,-1;RENTER_OCC RENTER_OCC true false false 8 Long 0 8 ,First,#,C:\karst\appalachian_OF_working\appalachian_OF_working\COUNTIES.shp,RENTER_OCC,-1,-1;MEDIAN_VAL MEDIAN_VAL true false false 7 Long 0 7 ,First,#,C:\karst\appalachian_OF_working\appalachian_OF_working\COUNTIES.shp,MEDIAN_VAL,-1,-1;MEDIANRENT MEDIANRENT true false false 4 Short 0 4 ,First,#,C:\karst\appalachian_OF_working\appalachian_OF_working\COUNTIES.shp,MEDIANRENT,-1,-1;UNITS_1DET UNITS_1DET true false false 8 Long 0 8 ,First,#,C:\karst\appalachian_OF_working\appalachian_OF_working\COUNTIES.shp,UNITS_1DET,-1,-1;UNITS_1ATT UNITS_1ATT true false false 7 Long 0 7 ,First,#,C:\karst\appalachian_OF_working\appalachian_OF_working\COUNTIES.shp,UNITS_1ATT,-1,-1;UNITS2 UNITS2 true false false 7 Long 0 7 ,First,#,C:\karst\appalachian_OF_working\appalachian_OF_working\COUNTIES.shp,UNITS2,-1,-1;UNITS3_9 UNITS3_9 true false false 7 Long 0 7 ,First,#,C:\karst\appalachian_OF_working\appalachian_OF_working\COUNTIES.shp,UNITS3_9,-1,-1;UNITS10_49 UNITS10_49 true false false 7 Long 0 7 ,First,#,C:\karst\appalachian_OF_working\appalachian_OF_working\COUNTIES.shp,UNITS10_49,-1,-1;UNITS50_UP UNITS50_UP true false false 7 Long 0 7 ,First,#,C:\karst\appalachian_OF_working\appalachian_OF_working\COUNTIES.shp,UNITS50_UP,-1,-1;MOBILEHOME MOBILEHOME true false false 6 Long 0 6 ,First,#,C:\karst\appalachian_OF_working\appalachian_OF_working\COUNTIES.shp,MOBILEHOME,-1,-1;NO_FARMS87 NO_FARMS87 true false false 5 Long 0 5 ,First,#,C:\karst\appalachian_OF_working\appalachian_OF_working\COUNTIES.shp,NO_FARMS87,-1,-1;AVG_SIZE87 AVG_SIZE87 true false false 6 Long 0 6 ,First,#,C:\karst\appalachian_OF_working\appalachian_OF_working\COUNTIES.shp,AVG_SIZE87,-1,-1;CROP_ACR87 CROP_ACR87 true false false 8 Long 0 8 ,First,#,C:\karst\appalachian_OF_working\appalachian_OF_working\COUNTIES.shp,CROP_ACR87,-1,-1;AVG_SALE87 AVG_SALE87 true false false 7 Long 0 7 ,First,#,C:\karst\appalachian_OF_working\appalachian_OF_working\COUNTIES.shp,AVG_SALE87,-1,-1" # C:\karst\appalachian_OF_working\appalachian_OF_working\Appalachian_OFR\Review_and_GIS\GIS_data\Appalachian_karst.mdb\appalachian_data\AP_counties</Process><Process Name="FeatureClassToFeatureClass_1" ToolSource="C:\arcgis\ArcToolbox\Toolboxes\Conversion Tools.tbx\FeatureClassToFeatureClass" Date="20080417" Time="083522">FeatureClassToFeatureClass C:\karst\appalachian_OF_working\Review_and_GIS\GIS_data\Appalachian_karst.mdb\appalachian_data\AP_counties C:\karst\appalachian_OF_working\Review_and_GIS\GIS_data\shapefiles AP_counties.shp # "NAME NAME true true false 32 Text 0 0 ,First,#,C:\karst\appalachian_OF_working\Review_and_GIS\GIS_data\Appalachian_karst.mdb\appalachian_data\AP_counties,NAME,-1,-1;STATE_NAME STATE_NAME true true false 25 Text 0 0 ,First,#,C:\karst\appalachian_OF_working\Review_and_GIS\GIS_data\Appalachian_karst.mdb\appalachian_data\AP_counties,STATE_NAME,-1,-1;STATE_FIPS STATE_FIPS true true false 2 Text 0 0 ,First,#,C:\karst\appalachian_OF_working\Review_and_GIS\GIS_data\Appalachian_karst.mdb\appalachian_data\AP_counties,STATE_FIPS,-1,-1;CNTY_FIPS CNTY_FIPS true true false 3 Text 0 0 ,First,#,C:\karst\appalachian_OF_working\Review_and_GIS\GIS_data\Appalachian_karst.mdb\appalachian_data\AP_counties,CNTY_FIPS,-1,-1;FIPS FIPS true true false 5 Text 0 0 ,First,#,C:\karst\appalachian_OF_working\Review_and_GIS\GIS_data\Appalachian_karst.mdb\appalachian_data\AP_counties,FIPS,-1,-1;AREA AREA true true false 8 Double 0 0 ,First,#,C:\karst\appalachian_OF_working\Review_and_GIS\GIS_data\Appalachian_karst.mdb\appalachian_data\AP_counties,AREA,-1,-1;POP1990 POP1990 true true false 8 Double 0 0 ,First,#,C:\karst\appalachian_OF_working\Review_and_GIS\GIS_data\Appalachian_karst.mdb\appalachian_data\AP_counties,POP1990,-1,-1;POP1999 POP1999 true true false 8 Double 0 0 ,First,#,C:\karst\appalachian_OF_working\Review_and_GIS\GIS_data\Appalachian_karst.mdb\appalachian_data\AP_counties,POP1999,-1,-1;POP90_SQMI POP90_SQMI true true false 4 Long 0 0 ,First,#,C:\karst\appalachian_OF_working\Review_and_GIS\GIS_data\Appalachian_karst.mdb\appalachian_data\AP_counties,POP90_SQMI,-1,-1;HOUSEHOLDS HOUSEHOLDS true true false 4 Long 0 0 ,First,#,C:\karst\appalachian_OF_working\Review_and_GIS\GIS_data\Appalachian_karst.mdb\appalachian_data\AP_counties,HOUSEHOLDS,-1,-1;MALES MALES true true false 4 Long 0 0 ,First,#,C:\karst\appalachian_OF_working\Review_and_GIS\GIS_data\Appalachian_karst.mdb\appalachian_data\AP_counties,MALES,-1,-1;FEMALES FEMALES true true false 4 Long 0 0 ,First,#,C:\karst\appalachian_OF_working\Review_and_GIS\GIS_data\Appalachian_karst.mdb\appalachian_data\AP_counties,FEMALES,-1,-1;WHITE WHITE true true false 4 Long 0 0 ,First,#,C:\karst\appalachian_OF_working\Review_and_GIS\GIS_data\Appalachian_karst.mdb\appalachian_data\AP_counties,WHITE,-1,-1;BLACK BLACK true true false 4 Long 0 0 ,First,#,C:\karst\appalachian_OF_working\Review_and_GIS\GIS_data\Appalachian_karst.mdb\appalachian_data\AP_counties,BLACK,-1,-1;AMERI_ES AMERI_ES true true false 4 Long 0 0 ,First,#,C:\karst\appalachian_OF_working\Review_and_GIS\GIS_data\Appalachian_karst.mdb\appalachian_data\AP_counties,AMERI_ES,-1,-1;ASIAN_PI ASIAN_PI true true false 4 Long 0 0 ,First,#,C:\karst\appalachian_OF_working\Review_and_GIS\GIS_data\Appalachian_karst.mdb\appalachian_data\AP_counties,ASIAN_PI,-1,-1;OTHER OTHER true true false 4 Long 0 0 ,First,#,C:\karst\appalachian_OF_working\Review_and_GIS\GIS_data\Appalachian_karst.mdb\appalachian_data\AP_counties,OTHER,-1,-1;HISPANIC HISPANIC true true false 4 Long 0 0 ,First,#,C:\karst\appalachian_OF_working\Review_and_GIS\GIS_data\Appalachian_karst.mdb\appalachian_data\AP_counties,HISPANIC,-1,-1;AGE_UNDER5 AGE_UNDER5 true true false 4 Long 0 0 ,First,#,C:\karst\appalachian_OF_working\Review_and_GIS\GIS_data\Appalachian_karst.mdb\appalachian_data\AP_counties,AGE_UNDER5,-1,-1;AGE_5_17 AGE_5_17 true true false 4 Long 0 0 ,First,#,C:\karst\appalachian_OF_working\Review_and_GIS\GIS_data\Appalachian_karst.mdb\appalachian_data\AP_counties,AGE_5_17,-1,-1;AGE_18_29 AGE_18_29 true true false 4 Long 0 0 ,First,#,C:\karst\appalachian_OF_working\Review_and_GIS\GIS_data\Appalachian_karst.mdb\appalachian_data\AP_counties,AGE_18_29,-1,-1;AGE_30_49 AGE_30_49 true true false 4 Long 0 0 ,First,#,C:\karst\appalachian_OF_working\Review_and_GIS\GIS_data\Appalachian_karst.mdb\appalachian_data\AP_counties,AGE_30_49,-1,-1;AGE_50_64 AGE_50_64 true true false 4 Long 0 0 ,First,#,C:\karst\appalachian_OF_working\Review_and_GIS\GIS_data\Appalachian_karst.mdb\appalachian_data\AP_counties,AGE_50_64,-1,-1;AGE_65_UP AGE_65_UP true true false 4 Long 0 0 ,First,#,C:\karst\appalachian_OF_working\Review_and_GIS\GIS_data\Appalachian_karst.mdb\appalachian_data\AP_counties,AGE_65_UP,-1,-1;NEVERMARRY NEVERMARRY true true false 4 Long 0 0 ,First,#,C:\karst\appalachian_OF_working\Review_and_GIS\GIS_data\Appalachian_karst.mdb\appalachian_data\AP_counties,NEVERMARRY,-1,-1;MARRIED MARRIED true true false 4 Long 0 0 ,First,#,C:\karst\appalachian_OF_working\Review_and_GIS\GIS_data\Appalachian_karst.mdb\appalachian_data\AP_counties,MARRIED,-1,-1;SEPARATED SEPARATED true true false 4 Long 0 0 ,First,#,C:\karst\appalachian_OF_working\Review_and_GIS\GIS_data\Appalachian_karst.mdb\appalachian_data\AP_counties,SEPARATED,-1,-1;WIDOWED WIDOWED true true false 4 Long 0 0 ,First,#,C:\karst\appalachian_OF_working\Review_and_GIS\GIS_data\Appalachian_karst.mdb\appalachian_data\AP_counties,WIDOWED,-1,-1;DIVORCED DIVORCED true true false 4 Long 0 0 ,First,#,C:\karst\appalachian_OF_working\Review_and_GIS\GIS_data\Appalachian_karst.mdb\appalachian_data\AP_counties,DIVORCED,-1,-1;HSEHLD_1_M HSEHLD_1_M true true false 4 Long 0 0 ,First,#,C:\karst\appalachian_OF_working\Review_and_GIS\GIS_data\Appalachian_karst.mdb\appalachian_data\AP_counties,HSEHLD_1_M,-1,-1;HSEHLD_1_F HSEHLD_1_F true true false 4 Long 0 0 ,First,#,C:\karst\appalachian_OF_working\Review_and_GIS\GIS_data\Appalachian_karst.mdb\appalachian_data\AP_counties,HSEHLD_1_F,-1,-1;MARHH_CHD MARHH_CHD true true false 4 Long 0 0 ,First,#,C:\karst\appalachian_OF_working\Review_and_GIS\GIS_data\Appalachian_karst.mdb\appalachian_data\AP_counties,MARHH_CHD,-1,-1;MARHH_NO_C MARHH_NO_C true true false 4 Long 0 0 ,First,#,C:\karst\appalachian_OF_working\Review_and_GIS\GIS_data\Appalachian_karst.mdb\appalachian_data\AP_counties,MARHH_NO_C,-1,-1;MHH_CHILD MHH_CHILD true true false 4 Long 0 0 ,First,#,C:\karst\appalachian_OF_working\Review_and_GIS\GIS_data\Appalachian_karst.mdb\appalachian_data\AP_counties,MHH_CHILD,-1,-1;FHH_CHILD FHH_CHILD true true false 4 Long 0 0 ,First,#,C:\karst\appalachian_OF_working\Review_and_GIS\GIS_data\Appalachian_karst.mdb\appalachian_data\AP_counties,FHH_CHILD,-1,-1;HSE_UNITS HSE_UNITS true true false 4 Long 0 0 ,First,#,C:\karst\appalachian_OF_working\Review_and_GIS\GIS_data\Appalachian_karst.mdb\appalachian_data\AP_counties,HSE_UNITS,-1,-1;VACANT VACANT true true false 4 Long 0 0 ,First,#,C:\karst\appalachian_OF_working\Review_and_GIS\GIS_data\Appalachian_karst.mdb\appalachian_data\AP_counties,VACANT,-1,-1;OWNER_OCC OWNER_OCC true true false 4 Long 0 0 ,First,#,C:\karst\appalachian_OF_working\Review_and_GIS\GIS_data\Appalachian_karst.mdb\appalachian_data\AP_counties,OWNER_OCC,-1,-1;RENTER_OCC RENTER_OCC true true false 4 Long 0 0 ,First,#,C:\karst\appalachian_OF_working\Review_and_GIS\GIS_data\Appalachian_karst.mdb\appalachian_data\AP_counties,RENTER_OCC,-1,-1;MEDIAN_VAL MEDIAN_VAL true true false 4 Long 0 0 ,First,#,C:\karst\appalachian_OF_working\Review_and_GIS\GIS_data\Appalachian_karst.mdb\appalachian_data\AP_counties,MEDIAN_VAL,-1,-1;MEDIANRENT MEDIANRENT true true false 2 Short 0 0 ,First,#,C:\karst\appalachian_OF_working\Review_and_GIS\GIS_data\Appalachian_karst.mdb\appalachian_data\AP_counties,MEDIANRENT,-1,-1;UNITS_1DET UNITS_1DET true true false 4 Long 0 0 ,First,#,C:\karst\appalachian_OF_working\Review_and_GIS\GIS_data\Appalachian_karst.mdb\appalachian_data\AP_counties,UNITS_1DET,-1,-1;UNITS_1ATT UNITS_1ATT true true false 4 Long 0 0 ,First,#,C:\karst\appalachian_OF_working\Review_and_GIS\GIS_data\Appalachian_karst.mdb\appalachian_data\AP_counties,UNITS_1ATT,-1,-1;UNITS2 UNITS2 true true false 4 Long 0 0 ,First,#,C:\karst\appalachian_OF_working\Review_and_GIS\GIS_data\Appalachian_karst.mdb\appalachian_data\AP_counties,UNITS2,-1,-1;UNITS3_9 UNITS3_9 true true false 4 Long 0 0 ,First,#,C:\karst\appalachian_OF_working\Review_and_GIS\GIS_data\Appalachian_karst.mdb\appalachian_data\AP_counties,UNITS3_9,-1,-1;UNITS10_49 UNITS10_49 true true false 4 Long 0 0 ,First,#,C:\karst\appalachian_OF_working\Review_and_GIS\GIS_data\Appalachian_karst.mdb\appalachian_data\AP_counties,UNITS10_49,-1,-1;UNITS50_UP UNITS50_UP true true false 4 Long 0 0 ,First,#,C:\karst\appalachian_OF_working\Review_and_GIS\GIS_data\Appalachian_karst.mdb\appalachian_data\AP_counties,UNITS50_UP,-1,-1;MOBILEHOME MOBILEHOME true true false 4 Long 0 0 ,First,#,C:\karst\appalachian_OF_working\Review_and_GIS\GIS_data\Appalachian_karst.mdb\appalachian_data\AP_counties,MOBILEHOME,-1,-1;NO_FARMS87 NO_FARMS87 true true false 4 Long 0 0 ,First,#,C:\karst\appalachian_OF_working\Review_and_GIS\GIS_data\Appalachian_karst.mdb\appalachian_data\AP_counties,NO_FARMS87,-1,-1;AVG_SIZE87 AVG_SIZE87 true true false 4 Long 0 0 ,First,#,C:\karst\appalachian_OF_working\Review_and_GIS\GIS_data\Appalachian_karst.mdb\appalachian_data\AP_counties,AVG_SIZE87,-1,-1;CROP_ACR87 CROP_ACR87 true true false 4 Long 0 0 ,First,#,C:\karst\appalachian_OF_working\Review_and_GIS\GIS_data\Appalachian_karst.mdb\appalachian_data\AP_counties,CROP_ACR87,-1,-1;AVG_SALE87 AVG_SALE87 true true false 4 Long 0 0 ,First,#,C:\karst\appalachian_OF_working\Review_and_GIS\GIS_data\Appalachian_karst.mdb\appalachian_data\AP_counties,AVG_SALE87,-1,-1;Shape_Leng Shape_Length false true true 8 Double 0 0 ,First,#,C:\karst\appalachian_OF_working\Review_and_GIS\GIS_data\Appalachian_karst.mdb\appalachian_data\AP_counties,Shape_Length,-1,-1;Shape_Area Shape_Area false true true 8 Double 0 0 ,First,#,C:\karst\appalachian_OF_working\Review_and_GIS\GIS_data\Appalachian_karst.mdb\appalachian_data\AP_counties,Shape_Area,-1,-1" # C:\karst\appalachian_OF_working\Review_and_GIS\GIS_data\shapefiles\AP_counties.shp</Process></lineage></DataProperties></Esri><idinfo><native Sync="TRUE">Microsoft Windows XP Version 5.1 (Build 2600) Service Pack 2; ESRI ArcCatalog 9.2.2.1350</native><descript><langdata Sync="TRUE">en</langdata><abstract>REQUIRED: A brief narrative summary of the data set.</abstract><purpose>REQUIRED: A summary of the intentions with which the data set was developed.</purpose></descript><citation><citeinfo><origin>REQUIRED: The name of an organization or individual that developed the data set.</origin><pubdate>REQUIRED: The date when the data set is published or otherwise made available for release.</pubdate><title Sync="TRUE">AP_counties</title><ftname Sync="TRUE">AP_counties</ftname><geoform Sync="TRUE">vector digital data</geoform><onlink Sync="TRUE">\\IGSAAAHMWSG516\C$\karst\appalachian_OF_working\Review_and_GIS\GIS_data\shapefiles\AP_counties.shp</onlink></citeinfo></citation><timeperd><current>REQUIRED: The basis on which the time period of content information is determined.</current><timeinfo><sngdate><caldate>REQUIRED: The year (and optionally month, or month and day) for which the data set corresponds to the ground.</caldate></sngdate></timeinfo></timeperd><status><progress>REQUIRED: The state of the data set.</progress><update>REQUIRED: The frequency with which changes and additions are made to the data set after the initial data set is completed.</update></status><spdom><bounding><westbc Sync="TRUE">REQUIRED: Western-most coordinate of the limit of coverage expressed in longitude.</westbc><eastbc Sync="TRUE">REQUIRED: Eastern-most coordinate of the limit of coverage expressed in longitude.</eastbc><northbc Sync="TRUE">REQUIRED: Northern-most coordinate of the limit of coverage expressed in latitude.</northbc><southbc Sync="TRUE">REQUIRED: Southern-most coordinate of the limit of coverage expressed in latitude.</southbc></bounding></spdom><keywords><theme><themekt>REQUIRED: Reference to a formally registered thesaurus or a similar authoritative source of theme keywords.</themekt><themekey>REQUIRED: Common-use word or phrase used to describe the subject of the data set.</themekey></theme></keywords><accconst>REQUIRED: Restrictions and legal prerequisites for accessing the data set.</accconst><useconst>REQUIRED: Restrictions and legal prerequisites for using the data set after access is granted.</useconst><natvform Sync="TRUE">Shapefile</natvform></idinfo><dataIdInfo><envirDesc Sync="TRUE">Microsoft Windows XP Version 5.1 (Build 2600) Service Pack 2; ESRI ArcCatalog 9.2.2.1350</envirDesc><dataLang><languageCode Sync="TRUE" value="en"></languageCode></dataLang><idCitation><resTitle Sync="TRUE">AP_counties</resTitle><presForm><PresFormCd Sync="TRUE" value="005"></PresFormCd></presForm></idCitation><spatRpType><SpatRepTypCd Sync="TRUE" value="001"></SpatRepTypCd></spatRpType></dataIdInfo><metainfo><langmeta Sync="TRUE">en</langmeta><metstdn Sync="TRUE">FGDC Content Standards for Digital Geospatial Metadata</metstdn><metstdv Sync="TRUE">FGDC-STD-001-1998</metstdv><mettc Sync="TRUE">local time</mettc><metc><cntinfo><cntorgp><cntper>REQUIRED: The person responsible for the metadata information.</cntper><cntorg>REQUIRED: The organization responsible for the metadata information.</cntorg></cntorgp><cntaddr><addrtype>REQUIRED: The mailing and/or physical address for the organization or individual.</addrtype><city>REQUIRED: The city of the address.</city><state>REQUIRED: The state or province of the address.</state><postal>REQUIRED: The ZIP or other postal code of the address.</postal></cntaddr><cntvoice>REQUIRED: The telephone number by which individuals can speak to the organization or individual.</cntvoice></cntinfo></metc><metd Sync="TRUE">20080417</metd><metextns><onlink Sync="TRUE">http://www.esri.com/metadata/esriprof80.html</onlink><metprof Sync="TRUE">ESRI Metadata Profile</metprof></metextns></metainfo><mdLang><languageCode Sync="TRUE" value="en"></languageCode></mdLang><mdStanName Sync="TRUE">ISO 19115 Geographic Information - Metadata</mdStanName><mdStanVer Sync="TRUE">DIS_ESRI1.0</mdStanVer><mdChar><CharSetCd Sync="TRUE" value="004"></CharSetCd></mdChar><mdHrLv><ScopeCd Sync="TRUE" value="005"></ScopeCd></mdHrLv><mdHrLvName Sync="TRUE">dataset</mdHrLvName><distinfo><resdesc Sync="TRUE">Downloadable Data</resdesc><stdorder><digform><digtinfo><transize Sync="TRUE">0.000</transize><dssize Sync="TRUE">0.000</dssize></digtinfo></digform></stdorder></distinfo><distInfo><distributor><distorTran><onLineSrc><orDesc Sync="TRUE">002</orDesc><linkage Sync="TRUE">file://\\IGSAAAHMWSG516\C$\karst\appalachian_OF_working\Review_and_GIS\GIS_data\shapefiles\AP_counties.shp</linkage><protocol Sync="TRUE">Local Area Network</protocol></onLineSrc><transSize Sync="TRUE">0.000</transSize></distorTran><distorFormat><formatName Sync="TRUE">Shapefile</formatName></distorFormat></distributor></distInfo><spdoinfo><direct Sync="TRUE">Vector</direct><ptvctinf><esriterm Name="AP_counties"><efeatyp Sync="TRUE">Simple</efeatyp><efeageom Sync="TRUE">Polygon</efeageom><esritopo Sync="TRUE">FALSE</esritopo><efeacnt Sync="TRUE">0</efeacnt><spindex Sync="TRUE">FALSE</spindex><linrefer Sync="TRUE">FALSE</linrefer></esriterm><sdtsterm Name="AP_counties"><sdtstype Sync="TRUE">G-polygon</sdtstype><ptvctcnt Sync="TRUE">0</ptvctcnt></sdtsterm></ptvctinf></spdoinfo><spref><horizsys><cordsysn><geogcsn Sync="TRUE">GCS_North_American_1983</geogcsn><projcsn Sync="TRUE">NAD_1983_Albers</projcsn></cordsysn><planar><planci><plance Sync="TRUE">coordinate pair</plance><plandu Sync="TRUE">meters</plandu><coordrep><absres Sync="TRUE">0.000000</absres><ordres Sync="TRUE">0.000000</ordres></coordrep></planci><mapproj><mapprojn Sync="TRUE">Albers Conical Equal Area</mapprojn><albers><stdparll Sync="TRUE">25.000000</stdparll><stdparll Sync="TRUE">50.000000</stdparll><longcm Sync="TRUE">-96.000000</longcm><latprjo Sync="TRUE">37.000000</latprjo><feast Sync="TRUE">0.000000</feast><fnorth Sync="TRUE">0.000000</fnorth></albers></mapproj></planar><geodetic><horizdn Sync="TRUE">North American Datum of 1983</horizdn><ellips Sync="TRUE">Geodetic Reference System 80</ellips><semiaxis Sync="TRUE">6378137.000000</semiaxis><denflat Sync="TRUE">298.257222</denflat></geodetic></horizsys><vertdef><altsys><altenc Sync="TRUE">Explicit elevation coordinate included with horizontal coordinates</altenc><altres Sync="TRUE">0.000010</altres></altsys></vertdef></spref><refSysInfo><RefSystem><refSysID><identCode Sync="TRUE">NAD_1983_Albers</identCode></refSysID></RefSystem></refSysInfo><spatRepInfo><VectSpatRep><topLvl><TopoLevCd Sync="TRUE" value="001"></TopoLevCd></topLvl><geometObjs Name="AP_counties"><geoObjTyp><GeoObjTypCd Sync="TRUE" value="001"></GeoObjTypCd></geoObjTyp><geoObjCnt Sync="TRUE">0</geoObjCnt></geometObjs></VectSpatRep></spatRepInfo><eainfo><detailed Name="AP_counties"><enttyp><enttypl Sync="TRUE">AP_counties</enttypl><enttypt Sync="TRUE">Feature Class</enttypt><enttypc Sync="TRUE">0</enttypc></enttyp><attr><attrlabl Sync="TRUE">Shape</attrlabl><attalias Sync="TRUE">Shape</attalias><attrtype Sync="TRUE">Geometry</attrtype><attwidth Sync="TRUE">0</attwidth><atprecis Sync="TRUE">0</atprecis><attscale Sync="TRUE">0</attscale><attrdef Sync="TRUE">Feature geometry.</attrdef><attrdefs Sync="TRUE">ESRI</attrdefs><attrdomv><udom Sync="TRUE">Coordinates defining the features.</udom></attrdomv></attr><attr><attrlabl Sync="TRUE">NAME</attrlabl><attalias Sync="TRUE">NAME</attalias><attrtype Sync="TRUE">String</attrtype><attwidth Sync="TRUE">32</attwidth><atprecis Sync="TRUE">0</atprecis><attscale Sync="TRUE">0</attscale></attr><attr><attrlabl Sync="TRUE">STATE_NAME</attrlabl><attalias Sync="TRUE">STATE_NAME</attalias><attrtype Sync="TRUE">String</attrtype><attwidth Sync="TRUE">32</attwidth></attr><attr><attrlabl Sync="TRUE">STATE_FIPS</attrlabl><attalias Sync="TRUE">STATE_FIPS</attalias><attrtype Sync="TRUE">String</attrtype><attwidth Sync="TRUE">25</attwidth></attr><attr><attrlabl Sync="TRUE">CNTY_FIPS</attrlabl><attalias Sync="TRUE">CNTY_FIPS</attalias><attrtype Sync="TRUE">String</attrtype><attwidth Sync="TRUE">2</attwidth></attr><attr><attrlabl Sync="TRUE">FIPS</attrlabl><attalias Sync="TRUE">FIPS</attalias><attrtype Sync="TRUE">String</attrtype><attwidth Sync="TRUE">3</attwidth></attr><attr><attrlabl Sync="TRUE">AREA</attrlabl><attalias Sync="TRUE">AREA</attalias><attrtype Sync="TRUE">String</attrtype><attwidth Sync="TRUE">5</attwidth></attr><attr><attrlabl Sync="TRUE">POP1990</attrlabl><attalias Sync="TRUE">POP1990</attalias><attrtype Sync="TRUE">Float</attrtype><attwidth Sync="TRUE">19</attwidth><atnumdec Sync="TRUE">11</atnumdec></attr><attr><attrlabl Sync="TRUE">POP1999</attrlabl><attalias Sync="TRUE">POP1999</attalias><attrtype Sync="TRUE">Float</attrtype><attwidth Sync="TRUE">19</attwidth><atnumdec Sync="TRUE">11</atnumdec></attr><attr><attrlabl Sync="TRUE">POP90_SQMI</attrlabl><attalias Sync="TRUE">POP90_SQMI</attalias><attrtype Sync="TRUE">Float</attrtype><attwidth Sync="TRUE">19</attwidth><atnumdec Sync="TRUE">11</atnumdec></attr><attr><attrlabl Sync="TRUE">HOUSEHOLDS</attrlabl><attalias Sync="TRUE">HOUSEHOLDS</attalias><attrtype Sync="TRUE">Number</attrtype><attwidth Sync="TRUE">9</attwidth></attr><attr><attrlabl Sync="TRUE">MALES</attrlabl><attalias Sync="TRUE">MALES</attalias><attrtype Sync="TRUE">Number</attrtype><attwidth Sync="TRUE">9</attwidth></attr><attr><attrlabl Sync="TRUE">FEMALES</attrlabl><attalias Sync="TRUE">FEMALES</attalias><attrtype Sync="TRUE">Number</attrtype><attwidth Sync="TRUE">9</attwidth></attr><attr><attrlabl Sync="TRUE">WHITE</attrlabl><attalias Sync="TRUE">WHITE</attalias><attrtype Sync="TRUE">Number</attrtype><attwidth Sync="TRUE">9</attwidth></attr><attr><attrlabl Sync="TRUE">BLACK</attrlabl><attalias Sync="TRUE">BLACK</attalias><attrtype Sync="TRUE">Number</attrtype><attwidth Sync="TRUE">9</attwidth></attr><attr><attrlabl Sync="TRUE">AMERI_ES</attrlabl><attalias Sync="TRUE">AMERI_ES</attalias><attrtype Sync="TRUE">Number</attrtype><attwidth Sync="TRUE">9</attwidth></attr><attr><attrlabl Sync="TRUE">ASIAN_PI</attrlabl><attalias Sync="TRUE">ASIAN_PI</attalias><attrtype Sync="TRUE">Number</attrtype><attwidth Sync="TRUE">9</attwidth></attr><attr><attrlabl Sync="TRUE">OTHER</attrlabl><attalias Sync="TRUE">OTHER</attalias><attrtype Sync="TRUE">Number</attrtype><attwidth Sync="TRUE">9</attwidth></attr><attr><attrlabl Sync="TRUE">HISPANIC</attrlabl><attalias Sync="TRUE">HISPANIC</attalias><attrtype Sync="TRUE">Number</attrtype><attwidth Sync="TRUE">9</attwidth></attr><attr><attrlabl Sync="TRUE">AGE_UNDER5</attrlabl><attalias Sync="TRUE">AGE_UNDER5</attalias><attrtype Sync="TRUE">Number</attrtype><attwidth Sync="TRUE">9</attwidth></attr><attr><attrlabl Sync="TRUE">AGE_5_17</attrlabl><attalias Sync="TRUE">AGE_5_17</attalias><attrtype Sync="TRUE">Number</attrtype><attwidth Sync="TRUE">9</attwidth></attr><attr><attrlabl Sync="TRUE">AGE_18_29</attrlabl><attalias Sync="TRUE">AGE_18_29</attalias><attrtype Sync="TRUE">Number</attrtype><attwidth Sync="TRUE">9</attwidth></attr><attr><attrlabl Sync="TRUE">AGE_30_49</attrlabl><attalias Sync="TRUE">AGE_30_49</attalias><attrtype Sync="TRUE">Number</attrtype><attwidth Sync="TRUE">9</attwidth></attr><attr><attrlabl Sync="TRUE">AGE_50_64</attrlabl><attalias Sync="TRUE">AGE_50_64</attalias><attrtype Sync="TRUE">Number</attrtype><attwidth Sync="TRUE">9</attwidth></attr><attr><attrlabl Sync="TRUE">AGE_65_UP</attrlabl><attalias Sync="TRUE">AGE_65_UP</attalias><attrtype Sync="TRUE">Number</attrtype><attwidth Sync="TRUE">9</attwidth></attr><attr><attrlabl Sync="TRUE">NEVERMARRY</attrlabl><attalias Sync="TRUE">NEVERMARRY</attalias><attrtype Sync="TRUE">Number</attrtype><attwidth Sync="TRUE">9</attwidth></attr><attr><attrlabl Sync="TRUE">MARRIED</attrlabl><attalias Sync="TRUE">MARRIED</attalias><attrtype Sync="TRUE">Number</attrtype><attwidth Sync="TRUE">9</attwidth></attr><attr><attrlabl Sync="TRUE">SEPARATED</attrlabl><attalias Sync="TRUE">SEPARATED</attalias><attrtype Sync="TRUE">Number</attrtype><attwidth Sync="TRUE">9</attwidth></attr><attr><attrlabl Sync="TRUE">WIDOWED</attrlabl><attalias Sync="TRUE">WIDOWED</attalias><attrtype Sync="TRUE">Number</attrtype><attwidth Sync="TRUE">9</attwidth></attr><attr><attrlabl Sync="TRUE">DIVORCED</attrlabl><attalias Sync="TRUE">DIVORCED</attalias><attrtype Sync="TRUE">Number</attrtype><attwidth Sync="TRUE">9</attwidth></attr><attr><attrlabl Sync="TRUE">HSEHLD_1_M</attrlabl><attalias Sync="TRUE">HSEHLD_1_M</attalias><attrtype Sync="TRUE">Number</attrtype><attwidth Sync="TRUE">9</attwidth></attr><attr><attrlabl Sync="TRUE">HSEHLD_1_F</attrlabl><attalias Sync="TRUE">HSEHLD_1_F</attalias><attrtype Sync="TRUE">Number</attrtype><attwidth Sync="TRUE">9</attwidth></attr><attr><attrlabl Sync="TRUE">MARHH_CHD</attrlabl><attalias Sync="TRUE">MARHH_CHD</attalias><attrtype Sync="TRUE">Number</attrtype><attwidth Sync="TRUE">9</attwidth></attr><attr><attrlabl Sync="TRUE">MARHH_NO_C</attrlabl><attalias Sync="TRUE">MARHH_NO_C</attalias><attrtype Sync="TRUE">Number</attrtype><attwidth Sync="TRUE">9</attwidth></attr><attr><attrlabl Sync="TRUE">MHH_CHILD</attrlabl><attalias Sync="TRUE">MHH_CHILD</attalias><attrtype Sync="TRUE">Number</attrtype><attwidth Sync="TRUE">9</attwidth></attr><attr><attrlabl Sync="TRUE">FHH_CHILD</attrlabl><attalias Sync="TRUE">FHH_CHILD</attalias><attrtype Sync="TRUE">Number</attrtype><attwidth Sync="TRUE">9</attwidth></attr><attr><attrlabl Sync="TRUE">HSE_UNITS</attrlabl><attalias Sync="TRUE">HSE_UNITS</attalias><attrtype Sync="TRUE">Number</attrtype><attwidth Sync="TRUE">9</attwidth></attr><attr><attrlabl Sync="TRUE">VACANT</attrlabl><attalias Sync="TRUE">VACANT</attalias><attrtype Sync="TRUE">Number</attrtype><attwidth Sync="TRUE">9</attwidth></attr><attr><attrlabl Sync="TRUE">OWNER_OCC</attrlabl><attalias Sync="TRUE">OWNER_OCC</attalias><attrtype Sync="TRUE">Number</attrtype><attwidth Sync="TRUE">9</attwidth></attr><attr><attrlabl Sync="TRUE">RENTER_OCC</attrlabl><attalias Sync="TRUE">RENTER_OCC</attalias><attrtype Sync="TRUE">Number</attrtype><attwidth Sync="TRUE">9</attwidth></attr><attr><attrlabl Sync="TRUE">MEDIAN_VAL</attrlabl><attalias Sync="TRUE">MEDIAN_VAL</attalias><attrtype Sync="TRUE">Number</attrtype><attwidth Sync="TRUE">9</attwidth></attr><attr><attrlabl Sync="TRUE">MEDIANRENT</attrlabl><attalias Sync="TRUE">MEDIANRENT</attalias><attrtype Sync="TRUE">Number</attrtype><attwidth Sync="TRUE">9</attwidth></attr><attr><attrlabl Sync="TRUE">UNITS_1DET</attrlabl><attalias Sync="TRUE">UNITS_1DET</attalias><attrtype Sync="TRUE">Number</attrtype><attwidth Sync="TRUE">4</attwidth></attr><attr><attrlabl Sync="TRUE">UNITS_1ATT</attrlabl><attalias Sync="TRUE">UNITS_1ATT</attalias><attrtype Sync="TRUE">Number</attrtype><attwidth Sync="TRUE">9</attwidth></attr><attr><attrlabl Sync="TRUE">UNITS2</attrlabl><attalias Sync="TRUE">UNITS2</attalias><attrtype Sync="TRUE">Number</attrtype><attwidth Sync="TRUE">9</attwidth></attr><attr><attrlabl Sync="TRUE">UNITS3_9</attrlabl><attalias Sync="TRUE">UNITS3_9</attalias><attrtype Sync="TRUE">Number</attrtype><attwidth Sync="TRUE">9</attwidth></attr><attr><attrlabl Sync="TRUE">UNITS10_49</attrlabl><attalias Sync="TRUE">UNITS10_49</attalias><attrtype Sync="TRUE">Number</attrtype><attwidth Sync="TRUE">9</attwidth></attr><attr><attrlabl Sync="TRUE">UNITS50_UP</attrlabl><attalias Sync="TRUE">UNITS50_UP</attalias><attrtype Sync="TRUE">Number</attrtype><attwidth Sync="TRUE">9</attwidth></attr><attr><attrlabl Sync="TRUE">MOBILEHOME</attrlabl><attalias Sync="TRUE">MOBILEHOME</attalias><attrtype Sync="TRUE">Number</attrtype><attwidth Sync="TRUE">9</attwidth></attr><attr><attrlabl Sync="TRUE">NO_FARMS87</attrlabl><attalias Sync="TRUE">NO_FARMS87</attalias><attrtype Sync="TRUE">Number</attrtype><attwidth Sync="TRUE">9</attwidth></attr><attr><attrlabl Sync="TRUE">AVG_SIZE87</attrlabl><attalias Sync="TRUE">AVG_SIZE87</attalias><attrtype Sync="TRUE">Number</attrtype><attwidth Sync="TRUE">9</attwidth></attr><attr><attrlabl Sync="TRUE">CROP_ACR87</attrlabl><attalias Sync="TRUE">CROP_ACR87</attalias><attrtype Sync="TRUE">Number</attrtype><attwidth Sync="TRUE">9</attwidth></attr><attr><attrlabl Sync="TRUE">Shape_Area</attrlabl><attalias Sync="TRUE">Shape_Area</attalias><attrtype Sync="TRUE">Number</attrtype><attwidth Sync="TRUE">9</attwidth><attrdef Sync="TRUE">Area of feature in internal units squared.</attrdef><attrdefs Sync="TRUE">ESRI</attrdefs><attrdomv><udom Sync="TRUE">Positive real numbers that are automatically generated.</udom></attrdomv></attr><attr><attrlabl Sync="TRUE">AVG_SALE87</attrlabl><attalias Sync="TRUE">AVG_SALE87</attalias><attrtype Sync="TRUE">Number</attrtype><attwidth Sync="TRUE">9</attwidth></attr><attr><attrlabl Sync="TRUE">FID</attrlabl><attalias Sync="TRUE">FID</attalias><attrtype Sync="TRUE">Float</attrtype><attwidth Sync="TRUE">19</attwidth><attrdef Sync="TRUE">Internal feature number.</attrdef><attrdefs Sync="TRUE">ESRI</attrdefs><attrdomv><udom Sync="TRUE">Sequential unique whole numbers that are automatically generated.</udom></attrdomv><atnumdec Sync="TRUE">11</atnumdec></attr><attr><attrlabl Sync="TRUE">Shape_Leng</attrlabl><attalias Sync="TRUE">Shape_Leng</attalias><attrtype Sync="TRUE">Float</attrtype><attwidth Sync="TRUE">19</attwidth><atnumdec Sync="TRUE">11</atnumdec></attr></detailed></eainfo><mdDateSt Sync="TRUE">20080417</mdDateSt></metadata>
