<?xml version="1.0"?>
<!--<!DOCTYPE metadata SYSTEM "http://www.esri.com/metadata/esriprof80.dtd">-->
<metadata xml:lang="en"><Esri><MetaID>{E3A8906C-AD71-4442-8FE9-CB15B1487443}</MetaID><CreaDate>20020927</CreaDate><CreaTime>16172500</CreaTime><SyncOnce>FALSE</SyncOnce><SyncDate>20080429</SyncDate><SyncTime>08411400</SyncTime><ModDate>20080429</ModDate><ModTime>08411400</ModTime><DataProperties><lineage><Process Name="FeatureClassToFeatureClass_1" ToolSource="C:\arcgis\ArcToolbox\Toolboxes\Conversion Tools.tbx\FeatureClassToFeatureClass" Date="20080407" Time="104833">FeatureClassToFeatureClass C:\karst\250kstate_maps\appal_250kc\polygon C:\karst\appalachian_OF_working\appalachian_OF_working\Appalachian_OFR\GIS_data\Appalachian_karst.mdb\ap_polys Appalachian_states # "AREA AREA false false true 4 Float 0 0 ,First,#,C:\karst\250kstate_maps\appal_250kc\polygon,AREA,-1,-1;PERIMETER PERIMETER false false true 4 Float 0 0 ,First,#,C:\karst\250kstate_maps\appal_250kc\polygon,PERIMETER,-1,-1;APPAL_250KC_ APPAL_250KC_ false false true 4 Long 0 0 ,First,#,C:\karst\250kstate_maps\appal_250kc\polygon,APPAL_250KC#,-1,-1;APPAL_250KC_ID APPAL_250KC_ID true false true 4 Long 0 0 ,First,#,C:\karst\250kstate_maps\appal_250kc\polygon,APPAL_250KC-ID,-1,-1;VERSION VERSION true false false 2 Text 0 0 ,First,#,C:\karst\250kstate_maps\appal_250kc\polygon,VERSION,-1,-1;REVISION REVISION true false false 2 Text 0 0 ,First,#,C:\karst\250kstate_maps\appal_250kc\polygon,REVISION,-1,-1;MODDATE MODDATE true false false 4 Long 0 0 ,First,#,C:\karst\250kstate_maps\appal_250kc\polygon,MODDATE,-1,-1;POLYID POLYID true false false 4 Long 0 0 ,First,#,C:\karst\250kstate_maps\appal_250kc\polygon,POLYID,-1,-1;STFIPS STFIPS true false false 2 Text 0 0 ,First,#,C:\karst\250kstate_maps\appal_250kc\polygon,STFIPS,-1,-1;SOURCE SOURCE true false false 1 Text 0 0 ,First,#,C:\karst\250kstate_maps\appal_250kc\polygon,SOURCE,-1,-1;SQMILES SQMILES true false false 8 Double 0 0 ,First,#,C:\karst\250kstate_maps\appal_250kc\polygon,SQMILES,-1,-1;SQKM SQKM true false false 8 Double 0 0 ,First,#,C:\karst\250kstate_maps\appal_250kc\polygon,SQKM,-1,-1;ST_NAME ST_NAME true false false 25 Text 0 0 ,First,#,C:\karst\250kstate_maps\appal_250kc\polygon,ST_NAME,-1,-1;LONGITUDE LONGITUDE true false false 8 Double 0 0 ,First,#,C:\karst\250kstate_maps\appal_250kc\polygon,LONGITUDE,-1,-1;LATITUDE LATITUDE true false false 8 Double 0 0 ,First,#,C:\karst\250kstate_maps\appal_250kc\polygon,LATITUDE,-1,-1" # C:\karst\appalachian_OF_working\appalachian_OF_working\Appalachian_OFR\GIS_data\Appalachian_karst.mdb\ap_polys\Appalachian_states</Process><Process Name="FeatureClassToFeatureClass_3" ToolSource="C:\arcgis\ArcToolbox\Toolboxes\Conversion Tools.tbx\FeatureClassToFeatureClass" Date="20080417" Time="083650">FeatureClassToFeatureClass C:\karst\appalachian_OF_working\Review_and_GIS\GIS_data\Appalachian_karst.mdb\appalachian_data\Appalachian_states C:\karst\appalachian_OF_working\Review_and_GIS\GIS_data\shapefiles Appalachian_states.shp # "AREA AREA false true true 4 Float 0 0 ,First,#,C:\karst\appalachian_OF_working\Review_and_GIS\GIS_data\Appalachian_karst.mdb\appalachian_data\Appalachian_states,AREA,-1,-1;PERIMETER PERIMETER false true true 4 Float 0 0 ,First,#,C:\karst\appalachian_OF_working\Review_and_GIS\GIS_data\Appalachian_karst.mdb\appalachian_data\Appalachian_states,PERIMETER,-1,-1;APPAL_250K APPAL_250KC_ false true true 4 Long 0 0 ,First,#,C:\karst\appalachian_OF_working\Review_and_GIS\GIS_data\Appalachian_karst.mdb\appalachian_data\Appalachian_states,APPAL_250KC_,-1,-1;APPAL_25_1 APPAL_250KC_ID true true true 4 Long 0 0 ,First,#,C:\karst\appalachian_OF_working\Review_and_GIS\GIS_data\Appalachian_karst.mdb\appalachian_data\Appalachian_states,APPAL_250KC_ID,-1,-1;VERSION VERSION true true false 2 Text 0 0 ,First,#,C:\karst\appalachian_OF_working\Review_and_GIS\GIS_data\Appalachian_karst.mdb\appalachian_data\Appalachian_states,VERSION,-1,-1;REVISION REVISION true true false 2 Text 0 0 ,First,#,C:\karst\appalachian_OF_working\Review_and_GIS\GIS_data\Appalachian_karst.mdb\appalachian_data\Appalachian_states,REVISION,-1,-1;MODDATE MODDATE true true false 4 Long 0 0 ,First,#,C:\karst\appalachian_OF_working\Review_and_GIS\GIS_data\Appalachian_karst.mdb\appalachian_data\Appalachian_states,MODDATE,-1,-1;POLYID POLYID true true false 4 Long 0 0 ,First,#,C:\karst\appalachian_OF_working\Review_and_GIS\GIS_data\Appalachian_karst.mdb\appalachian_data\Appalachian_states,POLYID,-1,-1;STFIPS STFIPS true true false 2 Text 0 0 ,First,#,C:\karst\appalachian_OF_working\Review_and_GIS\GIS_data\Appalachian_karst.mdb\appalachian_data\Appalachian_states,STFIPS,-1,-1;SOURCE SOURCE true true false 1 Text 0 0 ,First,#,C:\karst\appalachian_OF_working\Review_and_GIS\GIS_data\Appalachian_karst.mdb\appalachian_data\Appalachian_states,SOURCE,-1,-1;SQMILES SQMILES true true false 8 Double 0 0 ,First,#,C:\karst\appalachian_OF_working\Review_and_GIS\GIS_data\Appalachian_karst.mdb\appalachian_data\Appalachian_states,SQMILES,-1,-1;SQKM SQKM true true false 8 Double 0 0 ,First,#,C:\karst\appalachian_OF_working\Review_and_GIS\GIS_data\Appalachian_karst.mdb\appalachian_data\Appalachian_states,SQKM,-1,-1;ST_NAME ST_NAME true true false 25 Text 0 0 ,First,#,C:\karst\appalachian_OF_working\Review_and_GIS\GIS_data\Appalachian_karst.mdb\appalachian_data\Appalachian_states,ST_NAME,-1,-1;LONGITUDE LONGITUDE true true false 8 Double 0 0 ,First,#,C:\karst\appalachian_OF_working\Review_and_GIS\GIS_data\Appalachian_karst.mdb\appalachian_data\Appalachian_states,LONGITUDE,-1,-1;LATITUDE LATITUDE true true false 8 Double 0 0 ,First,#,C:\karst\appalachian_OF_working\Review_and_GIS\GIS_data\Appalachian_karst.mdb\appalachian_data\Appalachian_states,LATITUDE,-1,-1;Shape_Leng Shape_Length false true true 8 Double 0 0 ,First,#,C:\karst\appalachian_OF_working\Review_and_GIS\GIS_data\Appalachian_karst.mdb\appalachian_data\Appalachian_states,Shape_Length,-1,-1;Shape_Area Shape_Area false true true 8 Double 0 0 ,First,#,C:\karst\appalachian_OF_working\Review_and_GIS\GIS_data\Appalachian_karst.mdb\appalachian_data\Appalachian_states,Shape_Area,-1,-1" # C:\karst\appalachian_OF_working\Review_and_GIS\GIS_data\shapefiles\Appalachian_states.shp</Process></lineage></DataProperties></Esri><idinfo><native Sync="TRUE">Microsoft Windows XP Version 5.1 (Build 2600) Service Pack 2; ESRI ArcCatalog 9.2.2.1350</native><descript><langdata Sync="TRUE">en</langdata><abstract>REQUIRED: A brief narrative summary of the data set.</abstract><purpose>REQUIRED: A summary of the intentions with which the data set was developed.</purpose></descript><citation><citeinfo><origin>REQUIRED: The name of an organization or individual that developed the data set.</origin><pubdate>REQUIRED: The date when the data set is published or otherwise made available for release.</pubdate><title Sync="TRUE">Appalachian_states</title><ftname Sync="TRUE">Appalachian_states</ftname><geoform Sync="TRUE">vector digital data</geoform><onlink Sync="TRUE">\\IGSAAAHMWSG516\C$\karst\appalachian_OF_working\Review_and_GIS\GIS_data\shapefiles\Appalachian_states.shp</onlink></citeinfo></citation><timeperd><current>REQUIRED: The basis on which the time period of content information is determined.</current><timeinfo><sngdate><caldate>REQUIRED: The year (and optionally month, or month and day) for which the data set corresponds to the ground.</caldate></sngdate></timeinfo></timeperd><status><progress>REQUIRED: The state of the data set.</progress><update>REQUIRED: The frequency with which changes and additions are made to the data set after the initial data set is completed.</update></status><spdom><bounding><westbc Sync="TRUE">-91.707036</westbc><eastbc Sync="TRUE">-70.570196</eastbc><northbc Sync="TRUE">46.731199</northbc><southbc Sync="TRUE">28.503316</southbc></bounding><lboundng><leftbc Sync="TRUE">406973.093111</leftbc><rightbc Sync="TRUE">1962506.230432</rightbc><bottombc Sync="TRUE">-751246.405721</bottombc><topbc Sync="TRUE">1114939.938417</topbc></lboundng></spdom><keywords><theme><themekt>REQUIRED: Reference to a formally registered thesaurus or a similar authoritative source of theme keywords.</themekt><themekey>REQUIRED: Common-use word or phrase used to describe the subject of the data set.</themekey></theme></keywords><accconst>REQUIRED: Restrictions and legal prerequisites for accessing the data set.</accconst><useconst>REQUIRED: Restrictions and legal prerequisites for using the data set after access is granted.</useconst><natvform Sync="TRUE">Shapefile</natvform></idinfo><metainfo><langmeta Sync="TRUE">en</langmeta><metstdn Sync="TRUE">FGDC Content Standards for Digital Geospatial Metadata</metstdn><metstdv Sync="TRUE">FGDC-STD-001-1998</metstdv><mettc Sync="TRUE">local time</mettc><metc><cntinfo><cntorgp><cntper>REQUIRED: The person responsible for the metadata information.</cntper><cntorg>REQUIRED: The organization responsible for the metadata information.</cntorg></cntorgp><cntaddr><addrtype>REQUIRED: The mailing and/or physical address for the organization or individual.</addrtype><city>REQUIRED: The city of the address.</city><state>REQUIRED: The state or province of the address.</state><postal>REQUIRED: The ZIP or other postal code of the address.</postal></cntaddr><cntvoice>REQUIRED: The telephone number by which individuals can speak to the organization or individual.</cntvoice></cntinfo></metc><metd Sync="TRUE">20080429</metd><metextns><onlink Sync="TRUE">http://www.esri.com/metadata/esriprof80.html</onlink><metprof Sync="TRUE">ESRI Metadata Profile</metprof></metextns></metainfo><spdoinfo><direct Sync="TRUE">Vector</direct><ptvctinf><esriterm Name="Appalachian_states"><efeatyp Sync="TRUE">Simple</efeatyp><efeageom Sync="TRUE">Polygon</efeageom><esritopo Sync="TRUE">FALSE</esritopo><efeacnt Sync="TRUE">2165</efeacnt><spindex Sync="TRUE">TRUE</spindex><linrefer Sync="TRUE">FALSE</linrefer></esriterm><sdtsterm Name="Appalachian_states"><sdtstype Sync="TRUE">G-polygon</sdtstype><ptvctcnt Sync="TRUE">2165</ptvctcnt></sdtsterm><esriterm Name="label"><efeatyp Sync="TRUE">Simple</efeatyp><efeageom Sync="TRUE">Label</efeageom><esritopo Sync="TRUE">FALSE</esritopo><efeacnt Sync="TRUE">12233</efeacnt><spindex Sync="TRUE">FALSE</spindex><linrefer Sync="TRUE">FALSE</linrefer></esriterm><sdtsterm Name="label"><sdtstype Sync="TRUE">Label point</sdtstype><ptvctcnt Sync="TRUE">12233</ptvctcnt></sdtsterm><esriterm Name="polygon"><efeatyp Sync="TRUE">Simple</efeatyp><efeageom Sync="TRUE">Polygon</efeageom><esritopo Sync="TRUE">TRUE</esritopo><efeacnt Sync="TRUE">12824</efeacnt><spindex Sync="TRUE">FALSE</spindex><linrefer Sync="TRUE">FALSE</linrefer></esriterm><sdtsterm Name="polygon"><sdtstype Sync="TRUE">GT-polygon composed of chains</sdtstype><ptvctcnt Sync="TRUE">12824</ptvctcnt></sdtsterm><esriterm Name="tic"><efeatyp Sync="TRUE">Simple</efeatyp><efeageom Sync="TRUE">Tic</efeageom><esritopo Sync="TRUE">FALSE</esritopo><efeacnt Sync="TRUE">4</efeacnt><spindex Sync="TRUE">FALSE</spindex><linrefer Sync="TRUE">FALSE</linrefer></esriterm><sdtsterm Name="tic"><sdtstype Sync="TRUE">Point</sdtstype><ptvctcnt Sync="TRUE">4</ptvctcnt></sdtsterm></ptvctinf></spdoinfo><eainfo><detailed Name="Appalachian_states"><enttyp><enttypl Sync="TRUE">Appalachian_states</enttypl><enttypt Sync="TRUE">Feature Class</enttypt><enttypc Sync="TRUE">2165</enttypc></enttyp><attr><attrlabl Sync="TRUE">ST_NAME</attrlabl><attwidth Sync="TRUE">25</attwidth><atoutwid Sync="TRUE">25</atoutwid><attrtype Sync="TRUE">Character</attrtype></attr><attr><attrlabl Sync="TRUE">Shape_Area</attrlabl><attalias Sync="TRUE">Shape_Area</attalias><attrtype Sync="TRUE">Double</attrtype><attwidth Sync="TRUE">8</attwidth><atprecis Sync="TRUE">0</atprecis><attscale Sync="TRUE">0</attscale><attrdef Sync="TRUE">Area of feature in internal units squared.</attrdef><attrdefs Sync="TRUE">ESRI</attrdefs><attrdomv><udom Sync="TRUE">Positive real numbers that are automatically generated.</udom></attrdomv></attr><attr><attrlabl Sync="TRUE">Shape</attrlabl><attalias Sync="TRUE">Shape</attalias><attrtype Sync="TRUE">Float</attrtype><attwidth Sync="TRUE">13</attwidth><attrdef Sync="TRUE">Feature geometry.</attrdef><attrdefs Sync="TRUE">ESRI</attrdefs><attrdomv><udom Sync="TRUE">Coordinates defining the features.</udom></attrdomv><atnumdec Sync="TRUE">11</atnumdec></attr><attr><attrlabl Sync="TRUE">LATITUDE</attrlabl><attwidth Sync="TRUE">13</attwidth><atoutwid Sync="TRUE">16</atoutwid><attrtype Sync="TRUE">Float</attrtype><atnumdec Sync="TRUE">11</atnumdec></attr><attr><attrlabl Sync="TRUE">AREA</attrlabl><attwidth Sync="TRUE">9</attwidth><atoutwid Sync="TRUE">12</atoutwid><attrtype Sync="TRUE">Number</attrtype><attrdef Sync="TRUE">Area of feature in internal units squared.</attrdef><attrdefs Sync="TRUE">ESRI</attrdefs><attrdomv><udom Sync="TRUE">Positive real numbers that are automatically generated.</udom></attrdomv></attr><attr><attrlabl Sync="TRUE">PERIMETER</attrlabl><attwidth Sync="TRUE">9</attwidth><atoutwid Sync="TRUE">12</atoutwid><attrtype Sync="TRUE">Number</attrtype><attrdef Sync="TRUE">Perimeter of feature in internal units.</attrdef><attrdefs Sync="TRUE">ESRI</attrdefs><attrdomv><udom Sync="TRUE">Positive real numbers that are automatically generated.</udom></attrdomv></attr><attr><attrlabl Sync="TRUE">VERSION</attrlabl><attwidth Sync="TRUE">2</attwidth><atoutwid Sync="TRUE">2</atoutwid><attrtype Sync="TRUE">String</attrtype></attr><attr><attrlabl Sync="TRUE">REVISION</attrlabl><attwidth Sync="TRUE">2</attwidth><atoutwid Sync="TRUE">2</atoutwid><attrtype Sync="TRUE">String</attrtype></attr><attr><attrlabl Sync="TRUE">MODDATE</attrlabl><attwidth Sync="TRUE">9</attwidth><atoutwid Sync="TRUE">10</atoutwid><attrtype Sync="TRUE">Number</attrtype></attr><attr><attrlabl Sync="TRUE">POLYID</attrlabl><attwidth Sync="TRUE">9</attwidth><atoutwid Sync="TRUE">10</atoutwid><attrtype Sync="TRUE">Number</attrtype></attr><attr><attrlabl Sync="TRUE">STFIPS</attrlabl><attwidth Sync="TRUE">2</attwidth><atoutwid Sync="TRUE">2</atoutwid><attrtype Sync="TRUE">String</attrtype></attr><attr><attrlabl Sync="TRUE">SOURCE</attrlabl><attwidth Sync="TRUE">1</attwidth><atoutwid Sync="TRUE">1</atoutwid><attrtype Sync="TRUE">String</attrtype></attr><attr><attrlabl Sync="TRUE">SQMILES</attrlabl><attwidth Sync="TRUE">19</attwidth><atoutwid Sync="TRUE">16</atoutwid><attrtype Sync="TRUE">Float</attrtype><atnumdec Sync="TRUE">11</atnumdec></attr><attr><attrlabl Sync="TRUE">FID</attrlabl><attalias Sync="TRUE">FID</attalias><attrtype Sync="TRUE">Float</attrtype><attwidth Sync="TRUE">19</attwidth><attrdef Sync="TRUE">Internal feature number.</attrdef><attrdefs Sync="TRUE">ESRI</attrdefs><attrdomv><udom Sync="TRUE">Sequential unique whole numbers that are automatically generated.</udom></attrdomv><atnumdec Sync="TRUE">11</atnumdec></attr><attr><attrlabl Sync="TRUE">LONGITUDE</attrlabl><attwidth Sync="TRUE">25</attwidth><atoutwid Sync="TRUE">16</atoutwid><attrtype Sync="TRUE">String</attrtype></attr><attr><attrlabl Sync="TRUE">SQKM</attrlabl><attwidth Sync="TRUE">19</attwidth><atoutwid Sync="TRUE">16</atoutwid><attrtype Sync="TRUE">Float</attrtype><atnumdec Sync="TRUE">11</atnumdec></attr><attr><attrlabl Sync="TRUE">APPAL_250K</attrlabl><attalias Sync="TRUE">APPAL_250K</attalias><attrtype Sync="TRUE">Float</attrtype><attwidth Sync="TRUE">19</attwidth><atnumdec Sync="TRUE">11</atnumdec></attr><attr><attrlabl Sync="TRUE">APPAL_25_1</attrlabl><attalias Sync="TRUE">APPAL_25_1</attalias><attrtype Sync="TRUE">Float</attrtype><attwidth Sync="TRUE">19</attwidth><atnumdec Sync="TRUE">11</atnumdec></attr><attr><attrlabl Sync="TRUE">Shape_Leng</attrlabl><attalias Sync="TRUE">Shape_Leng</attalias><attrtype Sync="TRUE">Float</attrtype><attwidth Sync="TRUE">19</attwidth><atnumdec Sync="TRUE">11</atnumdec></attr></detailed></eainfo><distinfo><stdorder><digform><digtinfo><transize Sync="TRUE">3.307</transize><dssize Sync="TRUE">3.307</dssize></digtinfo></digform></stdorder><resdesc Sync="TRUE">Downloadable Data</resdesc></distinfo><spref><horizsys><cordsysn><geogcsn Sync="TRUE">GCS_North_American_1983</geogcsn><projcsn Sync="TRUE">NAD_1983_Albers</projcsn></cordsysn><geodetic><horizdn Sync="TRUE">North American Datum of 1983</horizdn><ellips Sync="TRUE">Geodetic Reference System 80</ellips><semiaxis Sync="TRUE">6378137.000000</semiaxis><denflat Sync="TRUE">298.257222</denflat></geodetic><planar><planci><plance Sync="TRUE">coordinate pair</plance><plandu Sync="TRUE">meters</plandu><coordrep><absres Sync="TRUE">0.000000</absres><ordres Sync="TRUE">0.000000</ordres></coordrep></planci><mapproj><mapprojn Sync="TRUE">Albers Conical Equal Area</mapprojn><albers><stdparll Sync="TRUE">25.000000</stdparll><stdparll Sync="TRUE">50.000000</stdparll><longcm Sync="TRUE">-96.000000</longcm><latprjo Sync="TRUE">37.000000</latprjo><feast Sync="TRUE">0.000000</feast><fnorth Sync="TRUE">0.000000</fnorth></albers></mapproj></planar></horizsys><vertdef><altsys><altenc Sync="TRUE">Explicit elevation coordinate included with horizontal coordinates</altenc><altres Sync="TRUE">0.000010</altres></altsys></vertdef></spref><dataIdInfo><envirDesc Sync="TRUE">Microsoft Windows XP Version 5.1 (Build 2600) Service Pack 2; ESRI ArcCatalog 9.2.2.1350</envirDesc><dataLang><languageCode Sync="TRUE" value="en"></languageCode></dataLang><idCitation><resTitle Sync="TRUE">Appalachian_states</resTitle><presForm><PresFormCd Sync="TRUE" value="005"></PresFormCd></presForm></idCitation><spatRpType><SpatRepTypCd Sync="TRUE" value="001"></SpatRepTypCd></spatRpType><dataExt><geoEle><GeoBndBox esriExtentType="native"><westBL Sync="TRUE">406973.093111</westBL><eastBL Sync="TRUE">1962506.230432</eastBL><northBL Sync="TRUE">1114939.938417</northBL><southBL Sync="TRUE">-751246.405721</southBL><exTypeCode Sync="TRUE">1</exTypeCode></GeoBndBox></geoEle></dataExt><geoBox esriExtentType="decdegrees"><westBL Sync="TRUE">-91.707036</westBL><eastBL Sync="TRUE">-70.570196</eastBL><northBL Sync="TRUE">46.731199</northBL><southBL Sync="TRUE">28.503316</southBL><exTypeCode Sync="TRUE">1</exTypeCode></geoBox></dataIdInfo><mdLang><languageCode Sync="TRUE" value="en"></languageCode></mdLang><mdStanName Sync="TRUE">ISO 19115 Geographic Information - Metadata</mdStanName><mdStanVer Sync="TRUE">DIS_ESRI1.0</mdStanVer><mdChar><CharSetCd Sync="TRUE" value="004"></CharSetCd></mdChar><mdHrLv><ScopeCd Sync="TRUE" value="005"></ScopeCd></mdHrLv><mdHrLvName Sync="TRUE">dataset</mdHrLvName><distInfo><distributor><distorTran><onLineSrc><orDesc Sync="TRUE">002</orDesc><linkage Sync="TRUE">file://\\IGSAAAHMWSG516\C$\karst\appalachian_OF_working\Review_and_GIS\GIS_data\shapefiles\Appalachian_states.shp</linkage><protocol Sync="TRUE">Local Area Network</protocol></onLineSrc><transSize Sync="TRUE">3.307</transSize></distorTran><distorFormat><formatName Sync="TRUE">Shapefile</formatName></distorFormat></distributor></distInfo><refSysInfo><RefSystem><refSysID><identCode Sync="TRUE">NAD_1983_Albers</identCode></refSysID></RefSystem></refSysInfo><spatRepInfo><VectSpatRep><topLvl><TopoLevCd Sync="TRUE" value="001"></TopoLevCd></topLvl><geometObjs Name="Appalachian_states"><geoObjTyp><GeoObjTypCd Sync="TRUE" value="001"></GeoObjTypCd></geoObjTyp><geoObjCnt Sync="TRUE">2165</geoObjCnt></geometObjs></VectSpatRep></spatRepInfo><mdDateSt Sync="TRUE">20080429</mdDateSt></metadata>
