<?xml version="1.0"?>
<!--<!DOCTYPE metadata SYSTEM "http://www.esri.com/metadata/esriprof80.dtd">-->
<metadata xml:lang="en"><Esri><CreaDate>20040608</CreaDate><CreaTime>13411900</CreaTime><SyncOnce>FALSE</SyncOnce><SyncDate>20080429</SyncDate><SyncTime>08412700</SyncTime><ModDate>20080429</ModDate><ModTime>08412700</ModTime><MetaID>{740F9762-CF41-4A93-9B3A-5D2CEAAE3C72}</MetaID><DataProperties><lineage><Process Name="FeatureClassToFeatureClass_2" ToolSource="C:\arcgis\ArcToolbox\Toolboxes\Conversion Tools.tbx\FeatureClassToFeatureClass" Date="20080407" Time="130007">FeatureClassToFeatureClass C:\karst\USKARST_master\US_karst_final\us_karst.mdb\app_polys\app_karst_2 C:\karst\appalachian_OF_working\appalachian_OF_working\Appalachian_OFR\Review_and_GIS\GIS_data\Appalachian_karst.mdb\ap_polys Appalachian_karst # "AREA AREA true true false 8 Double 0 0 ,First,#,C:\karst\USKARST_master\US_karst_final\us_karst.mdb\app_polys\app_karst_2,AREA,-1,-1;PERIMETER PERIMETER true true false 8 Double 0 0 ,First,#,C:\karst\USKARST_master\US_karst_final\us_karst.mdb\app_polys\app_karst_2,PERIMETER,-1,-1;GT50ALB_ GT50ALB_ true true false 4 Long 0 0 ,First,#,C:\karst\USKARST_master\US_karst_final\us_karst.mdb\app_polys\app_karst_2,GT50ALB_,-1,-1;GT50ALB_ID GT50ALB_ID true true false 4 Long 0 0 ,First,#,C:\karst\USKARST_master\US_karst_final\us_karst.mdb\app_polys\app_karst_2,GT50ALB_ID,-1,-1;CODE CODE true true false 4 Long 0 0 ,First,#,C:\karst\USKARST_master\US_karst_final\us_karst.mdb\app_polys\app_karst_2,CODE,-1,-1;CNT_CODE CNT_CODE true true false 4 Long 0 0 ,First,#,C:\karst\USKARST_master\US_karst_final\us_karst.mdb\app_polys\app_karst_2,CNT_CODE,-1,-1;K_TYPE K_TYPE true true false 254 Text 0 0 ,First,#,C:\karst\USKARST_master\US_karst_final\us_karst.mdb\app_polys\app_karst_2,K_TYPE,-1,-1;Shape_Leng Shape_Leng true true false 8 Double 0 0 ,First,#,C:\karst\USKARST_master\US_karst_final\us_karst.mdb\app_polys\app_karst_2,Shape_Leng,-1,-1;state state true true false 20 Text 0 0 ,First,#,C:\karst\USKARST_master\US_karst_final\us_karst.mdb\app_polys\app_karst_2,state,-1,-1;REF_CODE REF_CODE true true false 12 Text 0 0 ,First,#,C:\karst\USKARST_master\US_karst_final\us_karst.mdb\app_polys\app_karst_2,REF_CODE,-1,-1;Shape_Length Shape_Length false true true 8 Double 0 0 ,First,#,C:\karst\USKARST_master\US_karst_final\us_karst.mdb\app_polys\app_karst_2,Shape_Length,-1,-1;Shape_Area Shape_Area false true true 8 Double 0 0 ,First,#,C:\karst\USKARST_master\US_karst_final\us_karst.mdb\app_polys\app_karst_2,Shape_Area,-1,-1" # C:\karst\appalachian_OF_working\appalachian_OF_working\Appalachian_OFR\Review_and_GIS\GIS_data\Appalachian_karst.mdb\ap_polys\Appalachian_karst</Process><Process Name="FeatureClassToFeatureClass_1" ToolSource="C:\arcgis\ArcToolbox\Toolboxes\Conversion Tools.tbx\FeatureClassToFeatureClass" Date="20080429" Time="084043">FeatureClassToFeatureClass C:\karst\appalachian_OF_working\Review_and_GIS\GIS_data\Appalachian_karst.mdb\appalachian_data\Appalachian_karst C:\karst\appalachian_OF_working\Review_and_GIS\GIS_data\shapefiles newkarst.shp # "K_TYPE K_TYPE true true false 254 Text 0 0 ,First,#,C:\karst\appalachian_OF_working\Review_and_GIS\GIS_data\Appalachian_karst.mdb\appalachian_data\Appalachian_karst,K_TYPE,-1,-1;state state true true false 20 Text 0 0 ,First,#,C:\karst\appalachian_OF_working\Review_and_GIS\GIS_data\Appalachian_karst.mdb\appalachian_data\Appalachian_karst,state,-1,-1;REF_CODE REF_CODE true true false 12 Text 0 0 ,First,#,C:\karst\appalachian_OF_working\Review_and_GIS\GIS_data\Appalachian_karst.mdb\appalachian_data\Appalachian_karst,REF_CODE,-1,-1;Shape_Leng Shape_Length false true true 8 Double 0 0 ,First,#,C:\karst\appalachian_OF_working\Review_and_GIS\GIS_data\Appalachian_karst.mdb\appalachian_data\Appalachian_karst,Shape_Length,-1,-1;Shape_Area Shape_Area false true true 8 Double 0 0 ,First,#,C:\karst\appalachian_OF_working\Review_and_GIS\GIS_data\Appalachian_karst.mdb\appalachian_data\Appalachian_karst,Shape_Area,-1,-1" # C:\karst\appalachian_OF_working\Review_and_GIS\GIS_data\shapefiles\newkarst.shp</Process></lineage></DataProperties></Esri><idinfo><native Sync="TRUE">Microsoft Windows XP Version 5.1 (Build 2600) Service Pack 2; ESRI ArcCatalog 9.2.2.1350</native><descript><langdata Sync="TRUE">en</langdata><abstract>The U.S. Geological Survey (USGS), in cooperation with the National Cave and Karst Research Institute (NCKRI), the National Speleological Society (NSS), and various State geological surveys is working on a new national karst map that will delineate areas of karst and karst-like features nationwide. This product attempts to identify potentially karstic areas of the Appalachian states as defined by the Appalachian Regional Commission (ARC), with the addition of the state of Delaware. This map is labeled preliminary because there is an expectation that it will be revised and updated as part of a new national, karst map. The ARC is a federal-state partnership that works with the people of Appalachia to create opportunities for self-sustaining economic development and improved quality of life. Its area is based on the location of counties in the Appalachian highlands and some socio-economically similar adjacent counties.</abstract><purpose>This product is intended to broadly delineate areas likely to contain karst features of any type, but primarily caves and sinkholes. Since this map displays data at a regional scale for a future depiction of karst areas at a national scale, it does not contain discrete karst features such as caves, sinkholes, and springs. Therefore, this dataset should not be used for site-specific research, but rather as an indicator that karst features may occur in, but not be limited to, certain areas. </purpose></descript><citation><citeinfo><origin>David J. Weary</origin><pubdate>2008</pubdate><title>PRELIMINARY MAP OF POTENTIALLY KARSTIC CARBONATE ROCKS IN THE CENTRAL AND SOUTHERN APPALACHIAN STATES</title><ftname Sync="TRUE">Appalachian_karst</ftname><geoform Sync="TRUE">vector digital data</geoform><onlink>http://pubs.usgs.gov/of/2008/1154</onlink><serinfo><sername>U.S. Geological Survey Open-File Report</sername><issue>OF-2008-1154</issue></serinfo><pubinfo><pubplace>Reston, VA, USA</pubplace><publish>U.S. Geological Survey</publish></pubinfo></citeinfo></citation><timeperd><current>publication date</current><timeinfo><sngdate><caldate>April 2008</caldate></sngdate></timeinfo></timeperd><status><progress>Complete</progress><update>As needed</update></status><spdom><bounding><westbc Sync="TRUE">-91.030788</westbc><eastbc Sync="TRUE">-72.424363</eastbc><northbc Sync="TRUE">46.683724</northbc><southbc Sync="TRUE">29.601085</southbc></bounding><lboundng><leftbc Sync="TRUE">466294.789423</leftbc><rightbc Sync="TRUE">1813753.649686</rightbc><bottombc Sync="TRUE">-656436.948993</bottombc><topbc Sync="TRUE">1113151.428207</topbc></lboundng></spdom><keywords><theme><themekt>REQUIRED: Reference to a formally registered thesaurus or a similar authoritative source of theme keywords.</themekt><themekey>karst</themekey><themekey>caves</themekey><themekey>sinkhole</themekey><themekey>collapse</themekey><themekey>carbonate</themekey></theme><place><placekey>United States</placekey><placekey>Appalachians</placekey><placekey>Coastal Plain</placekey><placekey>Piedmont</placekey><placekey>Blue Ridge</placekey><placekey>Valley and Ridge</placekey><placekey>Appalachian Plateaus</placekey><placekey>Adirondacks</placekey><placekey>St. Lawrence Valley </placekey><placekey>Central Lowlands</placekey><placekey>Interior Low Plateaus</placekey><placekey>Mississippi Alluvial Plain </placekey></place></keywords><accconst>None</accconst><useconst>None with proper citation</useconst><natvform Sync="TRUE">Shapefile</natvform><ptcontac><cntinfo><cntperp><cntper>David J. Weary</cntper><cntorg>U.S. Geological Survey</cntorg></cntperp><cntpos>Geologist</cntpos><cntaddr><addrtype>mailing address</addrtype><address>12201 Sunrise Valey Drive, MS 926A </address><city>Reston</city><state>Virginia</state><postal>20192</postal><country>USA</country></cntaddr><cntvoice>703-648-6897</cntvoice><cntemail>dweary@usgs.gov</cntemail><hours>8:00 AM - 3:00 PM ET</hours><cntinst>email preferred</cntinst></cntinfo></ptcontac><browse><browsen>http://pubs.usgs.gov/of/2008/1154</browsen><browsed>Web page with browse graphic and links to detailed graphics and GIS data</browsed><browset>JPEG</browset></browse><secinfo><secclass>Unclassified</secclass></secinfo></idinfo><dataIdInfo><envirDesc Sync="TRUE">Microsoft Windows XP Version 5.1 (Build 2600) Service Pack 2; ESRI ArcCatalog 9.2.2.1350</envirDesc><dataLang><languageCode Sync="TRUE" value="en"></languageCode></dataLang><idCitation><resTitle Sync="TRUE">Appalachian_karst</resTitle><presForm><PresFormCd Sync="TRUE" value="005"></PresFormCd></presForm></idCitation><spatRpType><SpatRepTypCd Sync="TRUE" value="001"></SpatRepTypCd></spatRpType><dataExt><geoEle><GeoBndBox esriExtentType="native"><westBL Sync="TRUE">466294.789423</westBL><eastBL Sync="TRUE">1813753.649686</eastBL><northBL Sync="TRUE">1113151.428207</northBL><southBL Sync="TRUE">-656436.948993</southBL><exTypeCode Sync="TRUE">1</exTypeCode></GeoBndBox></geoEle></dataExt><geoBox esriExtentType="decdegrees"><westBL Sync="TRUE">-91.030788</westBL><eastBL Sync="TRUE">-72.424363</eastBL><northBL Sync="TRUE">46.683724</northBL><southBL Sync="TRUE">29.601085</southBL><exTypeCode Sync="TRUE">1</exTypeCode></geoBox></dataIdInfo><metainfo><langmeta Sync="TRUE">en</langmeta><metstdn Sync="TRUE">FGDC Content Standards for Digital Geospatial Metadata</metstdn><metstdv Sync="TRUE">FGDC-STD-001-1998</metstdv><mettc Sync="TRUE">local time</mettc><metc><cntinfo><cntaddr><addrtype>mailing address</addrtype><city>Reston</city><state>VA</state><postal>20192</postal><address>MS926A 12201 Sunrise Valley Drive</address><country>USA</country></cntaddr><cntvoice>703-648-6897</cntvoice><cntperp><cntper>David J. Weary</cntper><cntorg>U.S. Geological Survey</cntorg></cntperp><cntpos>Geologist</cntpos><cntemail>dweary@usgs.gov</cntemail><hours>8:00 AM - 3:00 PM ET</hours><cntinst>email preferred.</cntinst></cntinfo></metc><metd Sync="TRUE">20080429</metd><metac>none</metac><metuc>none</metuc><metsi><metsc>Unclassified</metsc></metsi><metextns><onlink Sync="TRUE">http://www.esri.com/metadata/esriprof80.html</onlink><metprof Sync="TRUE">ESRI Metadata Profile</metprof></metextns></metainfo><mdLang><languageCode Sync="TRUE" value="en"></languageCode></mdLang><mdStanName Sync="TRUE">ISO 19115 Geographic Information - Metadata</mdStanName><mdStanVer Sync="TRUE">DIS_ESRI1.0</mdStanVer><mdChar><CharSetCd Sync="TRUE" value="004"></CharSetCd></mdChar><mdHrLv><ScopeCd Sync="TRUE" value="005"></ScopeCd></mdHrLv><mdHrLvName Sync="TRUE">dataset</mdHrLvName><distinfo><resdesc Sync="TRUE">Downloadable Data</resdesc><distrib><cntinfo><cntperp><cntper>David J. Weary</cntper><cntorg>U.S. Geological Survey</cntorg></cntperp><cntpos>Geologist</cntpos><cntvoice>703-648-6897</cntvoice><cntemail>dweary@usgs.gov</cntemail><hours>8:00 AM-3:00 PM ET</hours><cntinst>email preferred</cntinst><cntaddr><addrtype>mailing address</addrtype><address>MS926A 12201 Sunrise Valley Drive</address><city>Reston</city><state>VA</state><postal>20192</postal><country>USA</country></cntaddr></cntinfo></distrib><distliab>None with proper citation.</distliab><stdorder><fees>None</fees><digform><digtopt><onlinopt><computer><networka><networkr>http://pubs.usgs.gov/of/2008/1154</networkr></networka></computer></onlinopt></digtopt><digtinfo><transize Sync="TRUE">7.712</transize><dssize Sync="TRUE">7.712</dssize></digtinfo></digform><ordering>Download available at http://pubs.usgs.gov/of/2008/1154</ordering></stdorder></distinfo><distInfo><distributor><distorTran><onLineSrc><orDesc Sync="TRUE">002</orDesc><linkage Sync="TRUE">file://\\IGSAAAHMWSG516\C$\karst\appalachian_OF_working\Review_and_GIS\GIS_data\shapefiles\Appalachian_karst.shp</linkage><protocol Sync="TRUE">Local Area Network</protocol></onLineSrc><transSize Sync="TRUE">7.712</transSize></distorTran><distorFormat><formatName Sync="TRUE">Shapefile</formatName></distorFormat></distributor></distInfo><spdoinfo><direct Sync="TRUE">Vector</direct><ptvctinf><esriterm Name="Appalachian_karst"><efeatyp Sync="TRUE">Simple</efeatyp><efeageom Sync="TRUE">Polygon</efeageom><esritopo Sync="TRUE">FALSE</esritopo><efeacnt Sync="TRUE">5355</efeacnt><spindex Sync="TRUE">TRUE</spindex><linrefer Sync="TRUE">FALSE</linrefer></esriterm><sdtsterm Name="Appalachian_karst"><sdtstype Sync="TRUE">G-polygon</sdtstype><ptvctcnt Sync="TRUE">5355</ptvctcnt></sdtsterm></ptvctinf></spdoinfo><spref><horizsys><cordsysn><geogcsn Sync="TRUE">GCS_North_American_1983</geogcsn><projcsn Sync="TRUE">NAD_1983_Albers</projcsn></cordsysn><planar><planci><plance Sync="TRUE">coordinate pair</plance><plandu Sync="TRUE">meters</plandu><coordrep><absres Sync="TRUE">0.000000</absres><ordres Sync="TRUE">0.000000</ordres></coordrep></planci><mapproj><mapprojn Sync="TRUE">Albers Conical Equal Area</mapprojn><albers><stdparll Sync="TRUE">25.000000</stdparll><stdparll Sync="TRUE">50.000000</stdparll><longcm Sync="TRUE">-96.000000</longcm><latprjo Sync="TRUE">37.000000</latprjo><feast Sync="TRUE">0.000000</feast><fnorth Sync="TRUE">0.000000</fnorth></albers></mapproj></planar><geodetic><horizdn Sync="TRUE">North American Datum of 1983</horizdn><ellips Sync="TRUE">Geodetic Reference System 80</ellips><semiaxis Sync="TRUE">6378137.000000</semiaxis><denflat Sync="TRUE">298.257222</denflat></geodetic></horizsys><vertdef><altsys><altenc Sync="TRUE">Explicit elevation coordinate included with horizontal coordinates</altenc><altres Sync="TRUE">0.000010</altres></altsys></vertdef></spref><refSysInfo><RefSystem><refSysID><identCode Sync="TRUE">NAD_1983_Albers</identCode></refSysID></RefSystem></refSysInfo><spatRepInfo><VectSpatRep><topLvl><TopoLevCd Sync="TRUE" value="001"></TopoLevCd></topLvl><geometObjs Name="Appalachian_karst"><geoObjTyp><GeoObjTypCd Sync="TRUE" value="001"></GeoObjTypCd></geoObjTyp><geoObjCnt Sync="TRUE">5355</geoObjCnt></geometObjs></VectSpatRep></spatRepInfo><eainfo><detailed Name="Appalachian_karst"><enttyp><enttypl Sync="TRUE">Appalachian_karst</enttypl><enttypt Sync="TRUE">Feature Class</enttypt><enttypc Sync="TRUE">5355</enttypc></enttyp><attr><attrlabl Sync="TRUE">Shape</attrlabl><attalias Sync="TRUE">Shape</attalias><attrtype Sync="TRUE">Geometry</attrtype><attwidth Sync="TRUE">0</attwidth><atprecis Sync="TRUE">0</atprecis><attscale Sync="TRUE">0</attscale><attrdef Sync="TRUE">Feature geometry.</attrdef><attrdefs Sync="TRUE">ESRI</attrdefs><attrdomv><udom Sync="TRUE">Coordinates defining the features.</udom></attrdomv></attr><attr><attrlabl Sync="TRUE">K_TYPE</attrlabl><attalias Sync="TRUE">K_TYPE</attalias><attrtype Sync="TRUE">String</attrtype><attwidth Sync="TRUE">254</attwidth><atprecis Sync="TRUE">0</atprecis><attscale Sync="TRUE">0</attscale><attrdomv><edom><edomv>CPU</edomv><edomvd>Coastal Plain unconsolidated sediments</edomvd></edom></attrdomv><attrdomv><edom><edomv>CPCR</edomv><edomvd>Coastal Plain carbonate rocks</edomvd></edom></attrdomv><attrdomv><edom><edomv>TJB</edomv><edomvd>Triassic and Jurassic aged basin-fill calcareous sedimentary rocks</edomvd></edom></attrdomv><attrdomv><edom><edomv>GC</edomv><edomvd>Gently-folded and flat-lying carbonate rocks</edomvd></edom></attrdomv><attrdomv><edom><edomv>GCG</edomv><edomvd>Gently-folded and flat-lying carbonate rocks with glacial cover</edomvd></edom></attrdomv><attrdomv><edom><edomv>IC</edomv><edomvd>Carbonates interbedded with non-soluble sedimentary rocks</edomvd></edom></attrdomv><attrdomv><edom><edomv>FFC</edomv><edomvd>Folded, faulted carbonate rocks</edomvd></edom></attrdomv><attrdomv><edom><edomv>FFCG</edomv><edomvd>Folded, faulted carbonate rocks with glacial cover</edomvd></edom></attrdomv><attrdomv><edom><edomv>M</edomv><edomvd>Marbles and metalimestones</edomvd></edom></attrdomv><attrdef>User defined Karst type</attrdef><attrdomv><edom><edomv>MG</edomv><edomvd>Marble with glacial cover</edomvd></edom></attrdomv></attr><attr><attrlabl Sync="TRUE">state</attrlabl><attalias Sync="TRUE">state</attalias><attrtype Sync="TRUE">String</attrtype><attwidth Sync="TRUE">254</attwidth><attrdef>User defined U.S. state name</attrdef></attr><attr><attrlabl Sync="TRUE">Shape_Area</attrlabl><attalias Sync="TRUE">Shape_Area</attalias><attrtype Sync="TRUE">String</attrtype><attwidth Sync="TRUE">20</attwidth><attrdef Sync="TRUE">Area of feature in internal units squared.</attrdef><attrdefs Sync="TRUE">ESRI</attrdefs><attrdomv><udom Sync="TRUE">Positive real numbers that are automatically generated.</udom></attrdomv></attr><attr><attrlabl Sync="TRUE">REF_CODE</attrlabl><attalias Sync="TRUE">REF_CODE</attalias><attrtype Sync="TRUE">String</attrtype><attwidth Sync="TRUE">12</attwidth><attrdef>Code indicating major information source reference used to delineate polygon</attrdef><attrdefs>See source information section</attrdefs></attr><attr><attrlabl Sync="TRUE">FID</attrlabl><attalias Sync="TRUE">FID</attalias><attrtype Sync="TRUE">Float</attrtype><attwidth Sync="TRUE">19</attwidth><attrdef Sync="TRUE">Internal feature number.</attrdef><attrdefs Sync="TRUE">ESRI</attrdefs><attrdomv><udom Sync="TRUE">Sequential unique whole numbers that are automatically generated.</udom></attrdomv><atnumdec Sync="TRUE">11</atnumdec></attr><attr><attrlabl Sync="TRUE">Shape_Leng</attrlabl><attalias Sync="TRUE">Shape_Leng</attalias><attrtype Sync="TRUE">Float</attrtype><attwidth Sync="TRUE">19</attwidth><atnumdec Sync="TRUE">11</atnumdec></attr></detailed><overview><dsoverv>This is a polygon coverage of potentially karstic areas of the Appalachian states based chiefly on bedrock geologic maps.</dsoverv></overview></eainfo><mdDateSt Sync="TRUE">20080429</mdDateSt><dataqual><lineage><procstep><procdesc>Polygon data for states with digital karst coverages (Kentucky, Ohio, and West Virginia) were converted to shapefiles and projected to Albers conical equal area using the NAD83 datum and then clipped to their state outlines using state outline shapefiles from the USGS National Atlas. The polygons were then converted to ESRI personal geodatabases for manipulation with ArcMap 9.2. The polygons within each state were all merged and all previous user-assigned attributes deleted. Polygon outlines in higher resolution datasets (&gt;1:250,000) were generalized using a weed tolerance of 150 meters. Polygons were assigned K_TYPE, State, and REF_CODE attributes. Polygons were then split into areas of various karst type based on overlaying the Allegany structural front and intersecting a polygon shapefile of areas with greater than 50 feet of glacially derived overburden based on the map of Soller and Packard (1998). K_TYPE, State, and reference code attribute values were then populated as appropriate. A polygon topology was built with a cluster tolerance of 50 meters with a rule disallowing overlaps and used to check the geometry of polygons in each state and the final map compilation. All polygons were queried in ArcMap to ensure no empty values and proper state attribute values.</procdesc><srcused Sync="TRUE">\\DWEARY1\D$\karst\appalachia\1M_master\us_karst.mdb</srcused><date Sync="TRUE">20040608</date><time Sync="TRUE">13411900</time><proccont><cntinfo><cntperp><cntper>David J. Weary</cntper><cntorg>U.S. Geological Survey</cntorg></cntperp><cntpos>Geologist</cntpos><cntaddr><addrtype>mailing address</addrtype><address>MS926A 12201 Sunrise Valley Drive</address><city>Reston</city><state>VA</state><postal>20164</postal><country>USA</country></cntaddr><cntvoice>703-648-6897</cntvoice><cntemail>dweary@usgs.gov</cntemail><hours>8:00 AM - 3:00 PM ET</hours></cntinfo></proccont><procsv>ArcMap 9.2</procsv></procstep><srcinfo><srccite><citeinfo><origin>Szabo, M.W., Osborne, W.E., Copeland, C.W. ,Jr., and Neathery, T.L., </origin><pubdate>1988</pubdate><title>Geologic Map of Alabama</title><geoform>map</geoform><serinfo><sername>Geological Survey of Alabama, Special Map 200</sername></serinfo><pubinfo><pubplace>Alabama</pubplace><publish>Geological Survey of Alabama</publish></pubinfo></citeinfo></srccite><srcscale>250,000</srcscale><typesrc>CD-ROM</typesrc><srccitea>AL1</srccitea><srccontr>Geologic map of Alabama</srccontr></srcinfo><srcinfo><srccite><citeinfo><origin>Nenad Spoljaric, Jordan, R.R., , revised 1976 by Pickett, T.E.</origin><pubdate>1976</pubdate><title>Generalized geologic map of Delaware</title><pubinfo><pubplace>Delaware</pubplace><publish>Delaware Geological Survey</publish></pubinfo></citeinfo></srccite><srcscale>600,000</srcscale><typesrc>paper</typesrc><srccontr>Geology of Delaware</srccontr><srccitea>DE1</srccitea></srcinfo><srcinfo><srcscale>250,000</srcscale><typesrc>CD-ROM</typesrc><srccitea>GA1</srccitea><srccontr>Geology of Georgia</srccontr><srccite><citeinfo><origin>Alhadeff, J.S., Musser, J. W., Sandercock, A.C., and Dyar, T.R</origin><pubdate>2001</pubdate><title>Digital environmental atlas of Georgia</title><serinfo><sername>Georgia Geologic Survey Publication CD-1, ver. 2</sername></serinfo><pubinfo><pubplace>Georgia</pubplace><publish>Georgia Geologic Survey </publish></pubinfo></citeinfo></srccite></srcinfo><srcinfo><srcscale>500,000</srcscale><typesrc>CD-ROM</typesrc><srccitea>KY1</srccitea><srccontr>Delineation of karst areas of Kentucky</srccontr><srccite><citeinfo><origin>Paylor, R.L., and Currens, J.C.</origin><pubdate>2001</pubdate><title>occurrence in Kentucky</title><serinfo><sername>Kentucky Geological Survey, Map and Chart 33</sername></serinfo><pubinfo><pubplace>Kentucky</pubplace><publish>Kentucky Geological Survey</publish></pubinfo></citeinfo></srccite></srcinfo><srcinfo><srcscale>500,000</srcscale><typesrc>internet</typesrc><srccitea>MD1</srccitea><srccontr>Lithogeochemical map of Maryland.</srccontr><srccite><citeinfo><origin>Peper, J.D., McCartan, L.B., Horton, J.W., Jr., and Reddy, J.E.</origin><pubdate>2001</pubdate><title>, Preliminary lithogeochemical map showing near-surface rock types in the Chesapeake Bay watershed, Virginia and Maryland</title><serinfo><sername>U.S. Geological Survey Open-File Report</sername><issue>01-187</issue></serinfo><pubinfo><pubplace>Reston, VA</pubplace><publish>U.S. Geological Survey</publish></pubinfo><onlink>http://pubs.usgs.gov/openfile/of01-187/ </onlink></citeinfo></srccite></srcinfo><srcinfo><srcscale>500,000</srcscale><typesrc>internet</typesrc><srccitea>MS1</srccitea><srccontr>Geologic map of Mississippi.</srccontr><srccite><citeinfo><origin>Bicker, A.R. Jr.</origin><pubdate>1985</pubdate><title>Geologic Map of Mississippi</title><pubinfo><pubplace>MIssissippi</pubplace><publish>Mississippi Geological Survey</publish></pubinfo><onlink>http://www.maris.state.ms.us/HTM/Data%20Warehouse/Statewide_alpha.htm. </onlink></citeinfo></srccite></srcinfo><srcinfo><srcscale>100,000</srcscale><typesrc>vector graphics</typesrc><srccitea>NJ1</srccitea><srccontr>Delineation of karst areas of New Jersey.</srccontr><srccite><citeinfo><origin>Dalton, R.F</origin><pubdate>1996</pubdate><title>Bedrock geologic map of northern New Jersey</title><serinfo><sername>U.S. Geological Survey, Miscellaneous Investigations Series</sername><issue>I-2540-A</issue></serinfo><pubinfo><pubplace>Reston, VA</pubplace><publish>U.S. Geological survey</publish></pubinfo><lworkcit><citeinfo><title>Karst of New Jersey</title><othercit>Unpublished data supplied by Donald Monteverde, New Jersey Geological Survey.</othercit></citeinfo></lworkcit></citeinfo></srccite></srcinfo><srcinfo><srcscale>1,000,000</srcscale><typesrc>shapefiles</typesrc><srccitea>NY1</srccitea><srccontr>Map of carbonate rocks areas of New York</srccontr><srccite><citeinfo><origin>Fickies, R.H. and Fallis, E.</origin><pubdate>1996</pubdate><title>Rock Type Map of New York State</title><serinfo><sername>New York State Geological Survey Open File Report</sername><issue>1g1222</issue></serinfo><pubinfo><pubplace>New York</pubplace><publish>New York State Geological Survey</publish></pubinfo></citeinfo></srccite></srcinfo><srcinfo><srcscale>250,000</srcscale><typesrc>internet</typesrc><srccitea>NC1</srccitea><srccontr>Geologic map of North Carolina.</srccontr><srccite><citeinfo><origin>North Carolina Geological Survey</origin><pubdate>1999</pubdate><title>Geology - North Carolina</title><serinfo><sername>North Carolina Corporate Geographic Database online data</sername></serinfo><pubinfo><pubplace>North Carolina</pubplace><publish>North Carolina Geological Survey</publish></pubinfo><onlink>http://www.geology.enr.state.nc.us/gis/geol250d.htm</onlink></citeinfo></srccite></srcinfo><srcinfo><srcscale>24,000</srcscale><typesrc>shapefiles</typesrc><srccitea>OH1</srccitea><srccontr>Delineation of known and probable karst areas of Ohio.</srccontr><srccite><citeinfo><origin>Pavey, R.R., Hull, D. N., Brockman, C. S., Schumacher, G. A., Stith, D. A., Swinford, E. M., Sole, T.L., Vorbau, K. E., Kallini, K. D., Evans, E. E., Slucher, E. R., and R. G. Van Horn</origin><pubdate>2002</pubdate><title>, Known and probably karst in Ohio</title><serinfo><sername> Ohio Geological Survey, EG-1, version</sername></serinfo><pubinfo><pubplace>Ohio</pubplace><publish> Ohio Geological Survey</publish></pubinfo></citeinfo></srccite></srcinfo><srcinfo><srcscale>250,000</srcscale><typesrc>internet</typesrc><srccitea>PA1</srccitea><srccontr>Geologic map of Pennsylvania.</srccontr><srccite><citeinfo><title>Bedrock geologic units of Pennsylvania</title><origin>Miles, C.E., Whitfield, G.T. and other staff and interns of the Pennsylvania Geological Survey</origin><pubdate>2001</pubdate><pubinfo><pubplace>Pennsylvania</pubplace><publish>Pennsylvania Geological Survey</publish></pubinfo><othercit>based on:  Berg, T.M., Edmunds, W.E., Geyer, A.R., Glover, A.D., Hoskins, D.M., MacLachlan, D.B., Root, S.I., Sevon, W.D., and Socolow, A.A., 1980, Geologic map of Pennsylvania: Pennsylvania Geological Survey, Map 1, scale 1:250000. </othercit><onlink>http://www.dcnr.state.pa.us/topogeo/map1/bedmap.aspx </onlink></citeinfo></srccite></srcinfo><srcinfo><srcscale>500,000</srcscale><typesrc>internet</typesrc><srccitea>SC1</srccitea><srccontr>Geologic map of the South Carolina Piedmont and Blue Ridge.</srccontr><srccite><citeinfo><origin>Horton, J.W. Jr.</origin><pubdate>2001</pubdate><title>Preliminary digital geologic map of the Appalachian Piedmont and Blue Ridge, South Carolina Segment</title><serinfo><sername>U.S. Geological Survey, Open-file Report </sername><issue>01-298</issue></serinfo><pubinfo><pubplace>Reston, VA</pubplace><publish>U.S. Geological Survey</publish></pubinfo><onlink> http://pubs.usgs.gov/openfile/of01-298/, </onlink></citeinfo></srccite></srcinfo><srcinfo><srcscale>250,000</srcscale><typesrc>internet</typesrc><srccitea>TN1</srccitea><srccontr>Gelogic map of Tennessee.</srccontr><srccite><citeinfo><origin>Greene, D.C., and Wolfe, W.J.</origin><pubdate>2000</pubdate><title>Superfund GIS - 1:250,000 geology of Tennessee</title><pubinfo><publish>U.S. Geological Survey</publish></pubinfo><othercit>digital version of Tennessee Division of Geology, 1966, Geologic map of Tennessee:  Tennessee Division of Geology, William D. Hardeman, State Geologist, 4 sheets, scale 1:250,000.</othercit></citeinfo></srccite></srcinfo><srcinfo><srcscale>500,000</srcscale><typesrc>shapefiles</typesrc><srccitea>VA1</srccitea><srccontr>Geologic map of Virginia.</srccontr><srccite><citeinfo><origin>Virginia Division of Mineral Resources</origin><pubdate>2003</pubdate><title>Digital representation of the 1993 geologic map of Virginia</title><serinfo><sername>Virginia Division of Mineral Resources Publication </sername><issue>174</issue></serinfo><pubinfo><pubplace>Virginia</pubplace><publish>Virginia Division of Mineral Resources</publish></pubinfo><othercit>Adapted from Virginia Division of Mineral Resources, 1993, Geologic map of Virginia and Expanded Explanation:  Virginia Division of Mineral Resources, scale 1:500,000.</othercit></citeinfo></srccite></srcinfo><srcinfo><srcscale>250,000</srcscale><typesrc>paper</typesrc><srccitea>VA2</srccitea><srccontr>Delineation of carbonate areas of Virginia.</srccontr><srccite><citeinfo><origin>Hubbard, D.A.</origin><pubdate>1983</pubdate><title>Selected karst features of the northern Valley and Ridge province</title><serinfo><sername>Virginia Division of Mineral Resources Publication </sername><issue>44</issue></serinfo><pubinfo><pubplace>Virginia</pubplace><publish>Virginia Division of Mineral Resources </publish></pubinfo></citeinfo></srccite></srcinfo><srcinfo><srcscale>250,000</srcscale><typesrc>paper</typesrc><srccitea>VA3</srccitea><srccontr>Delineation of carbonate areas of Virginia.</srccontr><srccite><citeinfo><origin>Hubbard, D.A.</origin><pubdate>1988</pubdate><title>Selected karst features of the central Valley and Ridge province</title><serinfo><sername>Virginia Division of Mineral Resources Publication </sername><issue>83</issue></serinfo><pubinfo><pubplace>Virginia</pubplace><publish> Virginia Division of Mineral Resources</publish></pubinfo></citeinfo></srccite></srcinfo><srcinfo><srcscale>250,000</srcscale><typesrc>paper</typesrc><srccitea>VA4</srccitea><srccontr>Delineation of carbonate areas of Virginia.</srccontr><srccite><citeinfo><origin>Hubbard, D.A</origin><pubdate>2001</pubdate><title>Selected karst features of the southern Valley and Ridge Province</title><serinfo><sername>Virginia Division of Mineral Resources, Publication</sername><issue>167</issue></serinfo><pubinfo><pubplace>Virginia</pubplace><publish>Virginia Division of Mineral Resources</publish></pubinfo></citeinfo></srccite></srcinfo><srcinfo><srcscale>250,000</srcscale><typesrc>internet</typesrc><srccitea>WV1</srccitea><srccontr>Delineation of potentially karstic areas of West Virginia.</srccontr><srccite><citeinfo><origin>West Virginia Bureau of Public Health</origin><pubdate>1998</pubdate><title>Karst regions derived from 1968 geological map of West Virginia</title><serinfo><sername>West Virginia GIS Technical Center, online data </sername></serinfo><pubinfo><pubplace>West Virginia</pubplace><publish>West Virginia Bureau of Public Health</publish></pubinfo><onlink>http://wvgis.wvu.edu/data/dataset.php?action=search&amp;ID=133</onlink></citeinfo></srccite></srcinfo><srcinfo><srcscale>1,000,000</srcscale><typesrc>internet</typesrc><srccitea>O1</srccitea><srccontr>Delineation of areas with more than 50 feet of glacially derived overburden in the northern U.S.</srccontr><srccite><citeinfo><origin>Soller, D.R. &amp; Packard, P.H. </origin><pubdate>1998</pubdate><title>Digital representation of a map showing the thickness and character of Quaternary sediment in the glaciated United States east of the Rocky Mountains</title><serinfo><sername>U.S. Geological Survey Digital Data Series </sername><issue>DDS-38</issue></serinfo><pubinfo><pubplace>Reston,  Virginia</pubplace><publish>U.S. Geological Survey</publish></pubinfo></citeinfo></srccite></srcinfo><srcinfo><srcscale>1,000,000</srcscale><typesrc>paper</typesrc><srccitea>O2</srccitea><srccontr>Locaton of Allegany structural front</srccontr><srccite><citeinfo><origin>Williams, Harold</origin><pubdate>1978</pubdate><title>Tectonic lithofacies map of the Appalachian orogen</title><pubinfo><publish>Memorial University of Newfoundland</publish></pubinfo></citeinfo></srccite></srcinfo><srcinfo><srcscale>unknown</srcscale><typesrc>ESRI coverage</typesrc><srccitea>O3</srccitea><srccontr>Delineation of Atlantic Coastal Plain geologic units</srccontr><srccite><citeinfo><origin>Newell, W.L., Prowell, D.C., Krantz, D., Powars, D., Mixon, R., Weems, R., Stone, B., and Willard, D.</origin><title>Surficial geology and geomorphology of the Atlantic Coastal Plain</title><othercit>Unpublished digital map</othercit></citeinfo></srccite></srcinfo><srcinfo><srcscale>182,000</srcscale><typesrc>digital files</typesrc><srccitea>GA2</srccitea><srccontr>Delineation of sinkholes in southwestern Georgia</srccontr><srccite><citeinfo><origin>Roger Moore</origin><title>Sinkholes in southwestern Georgia</title><othercit>Unpubilished digital files delineating sinkhole locations in southwestern Georgia based on hand-tracing DeLorme topographic atlas map of Georgia.</othercit></citeinfo></srccite></srcinfo><srcinfo><srccite><citeinfo><origin>Owens, J.P., Sugarman, P.J., Sohl, N.F., Parker, R.A., Houghton, H.F., Volkert, R.A., Drake, A.A., and Orndorff, R.C.</origin><pubdate>1995</pubdate><title>Geologic map of New Jersey: central sheet</title><serinfo><sername>New Jersey Geological Survey Map</sername></serinfo><pubinfo><pubplace>New Jersey</pubplace><publish>New Jersey Geological Survey</publish></pubinfo><lworkcit><citeinfo><title>Karst of New Jersey</title><othercit>Unpublished data supplied by Donald Monteverde, New Jersey Geological Survey.</othercit></citeinfo></lworkcit></citeinfo></srccite><srcscale>100,000</srcscale><typesrc>vector graphic files</typesrc><srccitea>NJ1</srccitea><srccontr>Delineation of potentially karstic areas of New Jersey</srccontr></srcinfo><srcinfo><srccite><citeinfo><origin>Owens, J.P., Sugarman, P.J., Sohl, N.F., Parker, R.A., Houghton, H.F., Volkert, R.A., Drake, A.A., and Orndorff, R.C.</origin><pubdate>1995</pubdate><title>Geologic map of New Jersey: southern sheet</title><serinfo><sername>New Jersey Geological Survey Map</sername></serinfo><pubinfo><pubplace>New Jersey</pubplace><publish>New Jersey Geological Survey</publish></pubinfo><lworkcit><citeinfo><title>Karst of New Jersey</title><othercit>Unpublished data supplied by Donald Monteverde, New Jersey Geological Survey.</othercit></citeinfo></lworkcit></citeinfo></srccite><srcscale>100,000</srcscale><typesrc>digital graphics</typesrc><srccitea>NJ1</srccitea><srccontr>Delineation of potentially karstic areas of New Jersey.</srccontr></srcinfo><procstep><procdesc>The coverage for the karst areas of New Jersey was obtained from a .pdf vector graphic file produced by Donald Monteverde of the New Jersey Geological Survey from digital geologic maps of the state. The .pdf was georegistered in ArcInfo , converted to a coverage, projected to Albers conical equal area using the NAD83 datum and then exported to a personal geodatabase. Polygons were assigned K_TYPE, State, and REF_CODE attributes; polygons were then split into areas of various karst type based on overlaying the Allegany structural front and intersecting a polygon shapefile of areas with greater than 50 feet of glacially derived overburden based on the map of Soller and Packard (1998) and also based on lithologic descriptions of the geologic units in the geologic maps. KTYPE, State and REF_CODE attributes were then populated. A polygon topology was built with a cluster tolerance of 50 meters with a rule disallowing overlaps and used to check the geometry of polygons in each state and the final map compilation. All polygons were queried in ArcMap to ensure no empty values and proper state attribute values.</procdesc><procsv>ArcMap 9.2</procsv></procstep><procstep><procdesc>The coverage for New York was derived from a shapefile of rock type polygons from a map published by the New York Geologic Survey (Fickies and Fallis, 1996). Polygons were projected to Albers conical equal area using the NAD83 datum and then clipped to the state outline. Based on unit lithologic descriptions, polygons were accepted as potentially karstic or were discarded. Polygons then split into areas of various karst type based on overlaying the Allegany structural front and intersecting a polygon shapefile of areas with greater than 50 feet of glacially derived overburden based on the map of Soller and Packard (1998). The shapefiles were then converted to ESRI personal geodatabases. Polygons were then assigned K_TYPE, State, and REF_CODE attributes which were populated with values. A polygon topology was built with a cluster tolerance of 50 meters with a rule disallowing overlaps and used to check the geometry of polygons in each state and the final map compilation. All polygons were queried in ArcMap to ensure no empty values and proper state attribute values.</procdesc><procsv>ArcMap 9.2</procsv></procstep><procstep><procdesc>For states with an available GIS-based geologic map (Mississippi, Georgia, Alabama, North Carolina,  Pennsylvania, Tennessee, Virginia) the data was downloaded and converted to shapefiles (if not already in that format) and projected to Albers conical equal area using the NAD83 datum. Polygons were clipped to their state outline using state outline shapefiles from the National Atlas. Polygons were queried for lithologic information, and if not a carbonate-bearing unit, deleted from the dataset; in datasets with unit names, but no lithologic description, unit lithologies were looked up on the National Geologic Names lexicon (GEOLEX). All previous user-assigned attributes were deleted. Polygons were assigned K_TYPE, State, and REF_CODE attributes. Polygons were then split into areas of various karst type based on overlaying the Allegany structural front and intersecting a shapefile of areas with greater than 50 feet of glacially derived overburden based on the map of Soller and Packard (1998). The shapefiles were then converted to ESRI personal geodatabases. Coastal Plain and Piedmont units were discriminated based on lithologic descriptions. All attribute values were populated. In Georgia and North Carolina, additional editing was done over a dataset of Coastal Plain geologic units (unpublished data of Wayne Newell and others, USGS). Some small areas of karst were added to southwestern Georgia by buffering unpublished digital sinkhole locations delineated by Roger G. Moore to a radius of 1 kilometer and then merging the buffered areas into polygons. In Virginia, areas of karst identified in the Valley and Ridge were further refined in area and detail by editing those areas over georegistered scans of karst maps by David Hubbard ( 1983, 1988, 2001). A polygon topology was built with a cluster tolerance of 50 meters with a rule disallowing overlaps and used to check the geometry of polygons in each state and the final map compilation. All polygons were queried in ArcMap to ensure no empty values and proper state attribute values.</procdesc><procsv>ArcMap 9.2</procsv></procstep><procstep><procdesc>The coverage for karst areas of Maryland was derived from a digital lithogeochemical map of the Chesapeake Bay watershed (Peper and others, 2001). Polygons were projected to Albers conical equal area using the NAD83 datum and then clipped to the state outline. Based on unit lithogeochemical descriptions polygons were accepted as potentially karstic or were discarded. Polygons in the Allegany Plateau and Valley land Ridge Provinces were then split into areas of various karst type based on overlaying the location of the Allegany structural front. All previous user-assigned attributes were deleted; polygons were then assigned K_TYPE, State, and REF_CODE attributes. A few areas in the Coastal Plain were amended based on editing over a dataset of Coastal Plain geologic units (unpublished data of Wayne Newell and others, USGS). A polygon topology was built with a cluster tolerance of 50 meters with a rule disallowing overlaps and used to check the geometry of polygons in each state and the final map compilation. All polygons were queried in ArcMap to ensure no empty values and proper state attribute values.</procdesc><procsv>ArcMap 9.2</procsv></procstep><procstep><procdesc>The coverage for South Carolina was a compilation of data from a digital geologic map of the Piedmont and Blue Ridge (Horton, 2001) and a dataset of Coastal Plain geologic units (unpublished data of Wayne Newell and others, USGS). Polygons were projected to Albers conical equal area using the NAD83 datum then clipped to the state outline. Based on unit lithologic descriptions polygons were accepted as potentially karstic or were discarded. The shapefiles were then converted to ESRI personal geodatabases. Polygons were then assigned K_TYPE, State, and REF_CODE attributes which were populated with values. A polygon topology was built with a cluster tolerance of 50 meters with a rule disallowing overlaps and used to check the geometry of polygons in each state and the final map compilation. All polygons were queried in ArcMap to ensure no empty values and proper state attribute values.</procdesc><procsv>ArcMap 9.2</procsv></procstep></lineage><attracc><attraccr>Polygon atrtributes were checked for correct values by the author and a technical reviewer.</attraccr></attracc><logic>All polygon atrtributes were queried to check for correct or empty values.</logic><complete>These data are believed to be logically consistent, though no rigorous formal tests were performed. Polygon coverages were queried to screen for empty or inconsistent values. Line geometry is topologically clean.</complete><posacc><horizpa><horizpar>Horizontal accuracy varies as the source data resolution was variable. Some generalization of source information was performed. Accuracy is believed to be within 300 meters.</horizpar></horizpa><vertacc><vertaccr>Data is locally accurate at the earth's surface.</vertaccr></vertacc></posacc></dataqual></metadata>
