<?xml version="1.0"?>
<!--<!DOCTYPE metadata SYSTEM "http://www.esri.com/metadata/esriprof80.dtd">-->
<metadata xml:lang="en"><Esri><MetaID>{2F71B53B-F046-456E-B1BD-FEF5889B7FC3}</MetaID><CreaDate>20021028</CreaDate><CreaTime>08203100</CreaTime><SyncOnce>FALSE</SyncOnce><SyncDate>20080417</SyncDate><SyncTime>08372700</SyncTime><ModDate>20080417</ModDate><ModTime>08372700</ModTime><DataProperties><lineage><Process Name="FeatureClassToFeatureClass_4" ToolSource="C:\arcgis\ArcToolbox\Toolboxes\Conversion Tools.tbx\FeatureClassToFeatureClass" Date="20080407" Time="130751">FeatureClassToFeatureClass C:\karst\appalachia\1M_master\ap_region\polygon C:\karst\appalachian_OF_working\appalachian_OF_working\Appalachian_OFR\Review_and_GIS\GIS_data\Appalachian_karst.mdb\appalachian_data ARC_region_outline # "AREA AREA false false true 4 Float 0 0 ,First,#,C:\karst\appalachia\1M_master\ap_region\polygon,AREA,-1,-1;PERIMETER PERIMETER false false true 4 Float 0 0 ,First,#,C:\karst\appalachia\1M_master\ap_region\polygon,PERIMETER,-1,-1;AP_REGION_ AP_REGION_ false false true 4 Long 0 0 ,First,#,C:\karst\appalachia\1M_master\ap_region\polygon,AP_REGION#,-1,-1;AP_REGION_ID AP_REGION_ID true false true 4 Long 0 0 ,First,#,C:\karst\appalachia\1M_master\ap_region\polygon,AP_REGION-ID,-1,-1;NAME NAME true false false 32 Text 0 0 ,First,#,C:\karst\appalachia\1M_master\ap_region\polygon,NAME,-1,-1;STATE_NAME STATE_NAME true false false 25 Text 0 0 ,First,#,C:\karst\appalachia\1M_master\ap_region\polygon,STATE_NAME,-1,-1;STATE_FIPS STATE_FIPS true false false 2 Text 0 0 ,First,#,C:\karst\appalachia\1M_master\ap_region\polygon,STATE_FIPS,-1,-1;CNTY_FIPS CNTY_FIPS true false false 3 Text 0 0 ,First,#,C:\karst\appalachia\1M_master\ap_region\polygon,CNTY_FIPS,-1,-1;FIPS FIPS true false false 5 Text 0 0 ,First,#,C:\karst\appalachia\1M_master\ap_region\polygon,FIPS,-1,-1;POP1990 POP1990 true false false 4 Long 0 0 ,First,#,C:\karst\appalachia\1M_master\ap_region\polygon,POP1990,-1,-1;POP1999 POP1999 true false false 4 Long 0 0 ,First,#,C:\karst\appalachia\1M_master\ap_region\polygon,POP1999,-1,-1;POP90_SQMI POP90_SQMI true false false 4 Long 0 0 ,First,#,C:\karst\appalachia\1M_master\ap_region\polygon,POP90_SQMI,-1,-1;HOUSEHOLDS HOUSEHOLDS true false false 4 Long 0 0 ,First,#,C:\karst\appalachia\1M_master\ap_region\polygon,HOUSEHOLDS,-1,-1;MALES MALES true false false 4 Long 0 0 ,First,#,C:\karst\appalachia\1M_master\ap_region\polygon,MALES,-1,-1;FEMALES FEMALES true false false 4 Long 0 0 ,First,#,C:\karst\appalachia\1M_master\ap_region\polygon,FEMALES,-1,-1;WHITE WHITE true false false 4 Long 0 0 ,First,#,C:\karst\appalachia\1M_master\ap_region\polygon,WHITE,-1,-1;BLACK BLACK true false false 4 Long 0 0 ,First,#,C:\karst\appalachia\1M_master\ap_region\polygon,BLACK,-1,-1;AMERI_ES AMERI_ES true false false 4 Long 0 0 ,First,#,C:\karst\appalachia\1M_master\ap_region\polygon,AMERI_ES,-1,-1;ASIAN_PI ASIAN_PI true false false 4 Long 0 0 ,First,#,C:\karst\appalachia\1M_master\ap_region\polygon,ASIAN_PI,-1,-1;OTHER OTHER true false false 4 Long 0 0 ,First,#,C:\karst\appalachia\1M_master\ap_region\polygon,OTHER,-1,-1;HISPANIC HISPANIC true false false 4 Long 0 0 ,First,#,C:\karst\appalachia\1M_master\ap_region\polygon,HISPANIC,-1,-1;AGE_UNDER5 AGE_UNDER5 true false false 4 Long 0 0 ,First,#,C:\karst\appalachia\1M_master\ap_region\polygon,AGE_UNDER5,-1,-1;AGE_5_17 AGE_5_17 true false false 4 Long 0 0 ,First,#,C:\karst\appalachia\1M_master\ap_region\polygon,AGE_5_17,-1,-1;AGE_18_29 AGE_18_29 true false false 4 Long 0 0 ,First,#,C:\karst\appalachia\1M_master\ap_region\polygon,AGE_18_29,-1,-1;AGE_30_49 AGE_30_49 true false false 4 Long 0 0 ,First,#,C:\karst\appalachia\1M_master\ap_region\polygon,AGE_30_49,-1,-1;AGE_50_64 AGE_50_64 true false false 4 Long 0 0 ,First,#,C:\karst\appalachia\1M_master\ap_region\polygon,AGE_50_64,-1,-1;AGE_65_UP AGE_65_UP true false false 4 Long 0 0 ,First,#,C:\karst\appalachia\1M_master\ap_region\polygon,AGE_65_UP,-1,-1;NEVERMARRY NEVERMARRY true false false 4 Long 0 0 ,First,#,C:\karst\appalachia\1M_master\ap_region\polygon,NEVERMARRY,-1,-1;MARRIED MARRIED true false false 4 Long 0 0 ,First,#,C:\karst\appalachia\1M_master\ap_region\polygon,MARRIED,-1,-1;SEPARATED SEPARATED true false false 4 Long 0 0 ,First,#,C:\karst\appalachia\1M_master\ap_region\polygon,SEPARATED,-1,-1;WIDOWED WIDOWED true false false 4 Long 0 0 ,First,#,C:\karst\appalachia\1M_master\ap_region\polygon,WIDOWED,-1,-1;DIVORCED DIVORCED true false false 4 Long 0 0 ,First,#,C:\karst\appalachia\1M_master\ap_region\polygon,DIVORCED,-1,-1;HSEHLD_1_M HSEHLD_1_M true false false 4 Long 0 0 ,First,#,C:\karst\appalachia\1M_master\ap_region\polygon,HSEHLD_1_M,-1,-1;HSEHLD_1_F HSEHLD_1_F true false false 4 Long 0 0 ,First,#,C:\karst\appalachia\1M_master\ap_region\polygon,HSEHLD_1_F,-1,-1;MARHH_CHD MARHH_CHD true false false 4 Long 0 0 ,First,#,C:\karst\appalachia\1M_master\ap_region\polygon,MARHH_CHD,-1,-1;MARHH_NO_C MARHH_NO_C true false false 4 Long 0 0 ,First,#,C:\karst\appalachia\1M_master\ap_region\polygon,MARHH_NO_C,-1,-1;MHH_CHILD MHH_CHILD true false false 4 Long 0 0 ,First,#,C:\karst\appalachia\1M_master\ap_region\polygon,MHH_CHILD,-1,-1;FHH_CHILD FHH_CHILD true false false 4 Long 0 0 ,First,#,C:\karst\appalachia\1M_master\ap_region\polygon,FHH_CHILD,-1,-1;HSE_UNITS HSE_UNITS true false false 4 Long 0 0 ,First,#,C:\karst\appalachia\1M_master\ap_region\polygon,HSE_UNITS,-1,-1;VACANT VACANT true false false 4 Long 0 0 ,First,#,C:\karst\appalachia\1M_master\ap_region\polygon,VACANT,-1,-1;OWNER_OCC OWNER_OCC true false false 4 Long 0 0 ,First,#,C:\karst\appalachia\1M_master\ap_region\polygon,OWNER_OCC,-1,-1;RENTER_OCC RENTER_OCC true false false 4 Long 0 0 ,First,#,C:\karst\appalachia\1M_master\ap_region\polygon,RENTER_OCC,-1,-1;MEDIAN_VAL MEDIAN_VAL true false false 4 Long 0 0 ,First,#,C:\karst\appalachia\1M_master\ap_region\polygon,MEDIAN_VAL,-1,-1;MEDIANRENT MEDIANRENT true false false 4 Long 0 0 ,First,#,C:\karst\appalachia\1M_master\ap_region\polygon,MEDIANRENT,-1,-1;UNITS_1DET UNITS_1DET true false false 4 Long 0 0 ,First,#,C:\karst\appalachia\1M_master\ap_region\polygon,UNITS_1DET,-1,-1;UNITS_1ATT UNITS_1ATT true false false 4 Long 0 0 ,First,#,C:\karst\appalachia\1M_master\ap_region\polygon,UNITS_1ATT,-1,-1;UNITS2 UNITS2 true false false 4 Long 0 0 ,First,#,C:\karst\appalachia\1M_master\ap_region\polygon,UNITS2,-1,-1;UNITS3_9 UNITS3_9 true false false 4 Long 0 0 ,First,#,C:\karst\appalachia\1M_master\ap_region\polygon,UNITS3_9,-1,-1;UNITS10_49 UNITS10_49 true false false 4 Long 0 0 ,First,#,C:\karst\appalachia\1M_master\ap_region\polygon,UNITS10_49,-1,-1;UNITS50_UP UNITS50_UP true false false 4 Long 0 0 ,First,#,C:\karst\appalachia\1M_master\ap_region\polygon,UNITS50_UP,-1,-1;MOBILEHOME MOBILEHOME true false false 4 Long 0 0 ,First,#,C:\karst\appalachia\1M_master\ap_region\polygon,MOBILEHOME,-1,-1;NO_FARMS87 NO_FARMS87 true false false 4 Long 0 0 ,First,#,C:\karst\appalachia\1M_master\ap_region\polygon,NO_FARMS87,-1,-1;AVG_SIZE87 AVG_SIZE87 true false false 4 Long 0 0 ,First,#,C:\karst\appalachia\1M_master\ap_region\polygon,AVG_SIZE87,-1,-1;CROP_ACR87 CROP_ACR87 true false false 4 Long 0 0 ,First,#,C:\karst\appalachia\1M_master\ap_region\polygon,CROP_ACR87,-1,-1;AVG_SALE87 AVG_SALE87 true false false 4 Long 0 0 ,First,#,C:\karst\appalachia\1M_master\ap_region\polygon,AVG_SALE87,-1,-1" # C:\karst\appalachian_OF_working\appalachian_OF_working\Appalachian_OFR\Review_and_GIS\GIS_data\Appalachian_karst.mdb\appalachian_data\ARC_region_outline</Process><Process Name="FeatureClassToFeatureClass_4" ToolSource="C:\arcgis\ArcToolbox\Toolboxes\Conversion Tools.tbx\FeatureClassToFeatureClass" Date="20080417" Time="083727">FeatureClassToFeatureClass C:\karst\appalachian_OF_working\Review_and_GIS\GIS_data\Appalachian_karst.mdb\appalachian_data\ARC_region_outline C:\karst\appalachian_OF_working\Review_and_GIS\GIS_data\shapefiles ARC_region_outline.shp # "AREA AREA false true true 4 Float 0 0 ,First,#,C:\karst\appalachian_OF_working\Review_and_GIS\GIS_data\Appalachian_karst.mdb\appalachian_data\ARC_region_outline,AREA,-1,-1;PERIMETER PERIMETER false true true 4 Float 0 0 ,First,#,C:\karst\appalachian_OF_working\Review_and_GIS\GIS_data\Appalachian_karst.mdb\appalachian_data\ARC_region_outline,PERIMETER,-1,-1;AP_REGION_ AP_REGION_ false true true 4 Long 0 0 ,First,#,C:\karst\appalachian_OF_working\Review_and_GIS\GIS_data\Appalachian_karst.mdb\appalachian_data\ARC_region_outline,AP_REGION_,-1,-1;AP_REGION1 AP_REGION_ID true true true 4 Long 0 0 ,First,#,C:\karst\appalachian_OF_working\Review_and_GIS\GIS_data\Appalachian_karst.mdb\appalachian_data\ARC_region_outline,AP_REGION_ID,-1,-1;NAME NAME true true false 32 Text 0 0 ,First,#,C:\karst\appalachian_OF_working\Review_and_GIS\GIS_data\Appalachian_karst.mdb\appalachian_data\ARC_region_outline,NAME,-1,-1;STATE_NAME STATE_NAME true true false 25 Text 0 0 ,First,#,C:\karst\appalachian_OF_working\Review_and_GIS\GIS_data\Appalachian_karst.mdb\appalachian_data\ARC_region_outline,STATE_NAME,-1,-1;STATE_FIPS STATE_FIPS true true false 2 Text 0 0 ,First,#,C:\karst\appalachian_OF_working\Review_and_GIS\GIS_data\Appalachian_karst.mdb\appalachian_data\ARC_region_outline,STATE_FIPS,-1,-1;CNTY_FIPS CNTY_FIPS true true false 3 Text 0 0 ,First,#,C:\karst\appalachian_OF_working\Review_and_GIS\GIS_data\Appalachian_karst.mdb\appalachian_data\ARC_region_outline,CNTY_FIPS,-1,-1;FIPS FIPS true true false 5 Text 0 0 ,First,#,C:\karst\appalachian_OF_working\Review_and_GIS\GIS_data\Appalachian_karst.mdb\appalachian_data\ARC_region_outline,FIPS,-1,-1;POP1990 POP1990 true true false 4 Long 0 0 ,First,#,C:\karst\appalachian_OF_working\Review_and_GIS\GIS_data\Appalachian_karst.mdb\appalachian_data\ARC_region_outline,POP1990,-1,-1;POP1999 POP1999 true true false 4 Long 0 0 ,First,#,C:\karst\appalachian_OF_working\Review_and_GIS\GIS_data\Appalachian_karst.mdb\appalachian_data\ARC_region_outline,POP1999,-1,-1;POP90_SQMI POP90_SQMI true true false 4 Long 0 0 ,First,#,C:\karst\appalachian_OF_working\Review_and_GIS\GIS_data\Appalachian_karst.mdb\appalachian_data\ARC_region_outline,POP90_SQMI,-1,-1;HOUSEHOLDS HOUSEHOLDS true true false 4 Long 0 0 ,First,#,C:\karst\appalachian_OF_working\Review_and_GIS\GIS_data\Appalachian_karst.mdb\appalachian_data\ARC_region_outline,HOUSEHOLDS,-1,-1;MALES MALES true true false 4 Long 0 0 ,First,#,C:\karst\appalachian_OF_working\Review_and_GIS\GIS_data\Appalachian_karst.mdb\appalachian_data\ARC_region_outline,MALES,-1,-1;FEMALES FEMALES true true false 4 Long 0 0 ,First,#,C:\karst\appalachian_OF_working\Review_and_GIS\GIS_data\Appalachian_karst.mdb\appalachian_data\ARC_region_outline,FEMALES,-1,-1;WHITE WHITE true true false 4 Long 0 0 ,First,#,C:\karst\appalachian_OF_working\Review_and_GIS\GIS_data\Appalachian_karst.mdb\appalachian_data\ARC_region_outline,WHITE,-1,-1;BLACK BLACK true true false 4 Long 0 0 ,First,#,C:\karst\appalachian_OF_working\Review_and_GIS\GIS_data\Appalachian_karst.mdb\appalachian_data\ARC_region_outline,BLACK,-1,-1;AMERI_ES AMERI_ES true true false 4 Long 0 0 ,First,#,C:\karst\appalachian_OF_working\Review_and_GIS\GIS_data\Appalachian_karst.mdb\appalachian_data\ARC_region_outline,AMERI_ES,-1,-1;ASIAN_PI ASIAN_PI true true false 4 Long 0 0 ,First,#,C:\karst\appalachian_OF_working\Review_and_GIS\GIS_data\Appalachian_karst.mdb\appalachian_data\ARC_region_outline,ASIAN_PI,-1,-1;OTHER OTHER true true false 4 Long 0 0 ,First,#,C:\karst\appalachian_OF_working\Review_and_GIS\GIS_data\Appalachian_karst.mdb\appalachian_data\ARC_region_outline,OTHER,-1,-1;HISPANIC HISPANIC true true false 4 Long 0 0 ,First,#,C:\karst\appalachian_OF_working\Review_and_GIS\GIS_data\Appalachian_karst.mdb\appalachian_data\ARC_region_outline,HISPANIC,-1,-1;AGE_UNDER5 AGE_UNDER5 true true false 4 Long 0 0 ,First,#,C:\karst\appalachian_OF_working\Review_and_GIS\GIS_data\Appalachian_karst.mdb\appalachian_data\ARC_region_outline,AGE_UNDER5,-1,-1;AGE_5_17 AGE_5_17 true true false 4 Long 0 0 ,First,#,C:\karst\appalachian_OF_working\Review_and_GIS\GIS_data\Appalachian_karst.mdb\appalachian_data\ARC_region_outline,AGE_5_17,-1,-1;AGE_18_29 AGE_18_29 true true false 4 Long 0 0 ,First,#,C:\karst\appalachian_OF_working\Review_and_GIS\GIS_data\Appalachian_karst.mdb\appalachian_data\ARC_region_outline,AGE_18_29,-1,-1;AGE_30_49 AGE_30_49 true true false 4 Long 0 0 ,First,#,C:\karst\appalachian_OF_working\Review_and_GIS\GIS_data\Appalachian_karst.mdb\appalachian_data\ARC_region_outline,AGE_30_49,-1,-1;AGE_50_64 AGE_50_64 true true false 4 Long 0 0 ,First,#,C:\karst\appalachian_OF_working\Review_and_GIS\GIS_data\Appalachian_karst.mdb\appalachian_data\ARC_region_outline,AGE_50_64,-1,-1;AGE_65_UP AGE_65_UP true true false 4 Long 0 0 ,First,#,C:\karst\appalachian_OF_working\Review_and_GIS\GIS_data\Appalachian_karst.mdb\appalachian_data\ARC_region_outline,AGE_65_UP,-1,-1;NEVERMARRY NEVERMARRY true true false 4 Long 0 0 ,First,#,C:\karst\appalachian_OF_working\Review_and_GIS\GIS_data\Appalachian_karst.mdb\appalachian_data\ARC_region_outline,NEVERMARRY,-1,-1;MARRIED MARRIED true true false 4 Long 0 0 ,First,#,C:\karst\appalachian_OF_working\Review_and_GIS\GIS_data\Appalachian_karst.mdb\appalachian_data\ARC_region_outline,MARRIED,-1,-1;SEPARATED SEPARATED true true false 4 Long 0 0 ,First,#,C:\karst\appalachian_OF_working\Review_and_GIS\GIS_data\Appalachian_karst.mdb\appalachian_data\ARC_region_outline,SEPARATED,-1,-1;WIDOWED WIDOWED true true false 4 Long 0 0 ,First,#,C:\karst\appalachian_OF_working\Review_and_GIS\GIS_data\Appalachian_karst.mdb\appalachian_data\ARC_region_outline,WIDOWED,-1,-1;DIVORCED DIVORCED true true false 4 Long 0 0 ,First,#,C:\karst\appalachian_OF_working\Review_and_GIS\GIS_data\Appalachian_karst.mdb\appalachian_data\ARC_region_outline,DIVORCED,-1,-1;HSEHLD_1_M HSEHLD_1_M true true false 4 Long 0 0 ,First,#,C:\karst\appalachian_OF_working\Review_and_GIS\GIS_data\Appalachian_karst.mdb\appalachian_data\ARC_region_outline,HSEHLD_1_M,-1,-1;HSEHLD_1_F HSEHLD_1_F true true false 4 Long 0 0 ,First,#,C:\karst\appalachian_OF_working\Review_and_GIS\GIS_data\Appalachian_karst.mdb\appalachian_data\ARC_region_outline,HSEHLD_1_F,-1,-1;MARHH_CHD MARHH_CHD true true false 4 Long 0 0 ,First,#,C:\karst\appalachian_OF_working\Review_and_GIS\GIS_data\Appalachian_karst.mdb\appalachian_data\ARC_region_outline,MARHH_CHD,-1,-1;MARHH_NO_C MARHH_NO_C true true false 4 Long 0 0 ,First,#,C:\karst\appalachian_OF_working\Review_and_GIS\GIS_data\Appalachian_karst.mdb\appalachian_data\ARC_region_outline,MARHH_NO_C,-1,-1;MHH_CHILD MHH_CHILD true true false 4 Long 0 0 ,First,#,C:\karst\appalachian_OF_working\Review_and_GIS\GIS_data\Appalachian_karst.mdb\appalachian_data\ARC_region_outline,MHH_CHILD,-1,-1;FHH_CHILD FHH_CHILD true true false 4 Long 0 0 ,First,#,C:\karst\appalachian_OF_working\Review_and_GIS\GIS_data\Appalachian_karst.mdb\appalachian_data\ARC_region_outline,FHH_CHILD,-1,-1;HSE_UNITS HSE_UNITS true true false 4 Long 0 0 ,First,#,C:\karst\appalachian_OF_working\Review_and_GIS\GIS_data\Appalachian_karst.mdb\appalachian_data\ARC_region_outline,HSE_UNITS,-1,-1;VACANT VACANT true true false 4 Long 0 0 ,First,#,C:\karst\appalachian_OF_working\Review_and_GIS\GIS_data\Appalachian_karst.mdb\appalachian_data\ARC_region_outline,VACANT,-1,-1;OWNER_OCC OWNER_OCC true true false 4 Long 0 0 ,First,#,C:\karst\appalachian_OF_working\Review_and_GIS\GIS_data\Appalachian_karst.mdb\appalachian_data\ARC_region_outline,OWNER_OCC,-1,-1;RENTER_OCC RENTER_OCC true true false 4 Long 0 0 ,First,#,C:\karst\appalachian_OF_working\Review_and_GIS\GIS_data\Appalachian_karst.mdb\appalachian_data\ARC_region_outline,RENTER_OCC,-1,-1;MEDIAN_VAL MEDIAN_VAL true true false 4 Long 0 0 ,First,#,C:\karst\appalachian_OF_working\Review_and_GIS\GIS_data\Appalachian_karst.mdb\appalachian_data\ARC_region_outline,MEDIAN_VAL,-1,-1;MEDIANRENT MEDIANRENT true true false 4 Long 0 0 ,First,#,C:\karst\appalachian_OF_working\Review_and_GIS\GIS_data\Appalachian_karst.mdb\appalachian_data\ARC_region_outline,MEDIANRENT,-1,-1;UNITS_1DET UNITS_1DET true true false 4 Long 0 0 ,First,#,C:\karst\appalachian_OF_working\Review_and_GIS\GIS_data\Appalachian_karst.mdb\appalachian_data\ARC_region_outline,UNITS_1DET,-1,-1;UNITS_1ATT UNITS_1ATT true true false 4 Long 0 0 ,First,#,C:\karst\appalachian_OF_working\Review_and_GIS\GIS_data\Appalachian_karst.mdb\appalachian_data\ARC_region_outline,UNITS_1ATT,-1,-1;UNITS2 UNITS2 true true false 4 Long 0 0 ,First,#,C:\karst\appalachian_OF_working\Review_and_GIS\GIS_data\Appalachian_karst.mdb\appalachian_data\ARC_region_outline,UNITS2,-1,-1;UNITS3_9 UNITS3_9 true true false 4 Long 0 0 ,First,#,C:\karst\appalachian_OF_working\Review_and_GIS\GIS_data\Appalachian_karst.mdb\appalachian_data\ARC_region_outline,UNITS3_9,-1,-1;UNITS10_49 UNITS10_49 true true false 4 Long 0 0 ,First,#,C:\karst\appalachian_OF_working\Review_and_GIS\GIS_data\Appalachian_karst.mdb\appalachian_data\ARC_region_outline,UNITS10_49,-1,-1;UNITS50_UP UNITS50_UP true true false 4 Long 0 0 ,First,#,C:\karst\appalachian_OF_working\Review_and_GIS\GIS_data\Appalachian_karst.mdb\appalachian_data\ARC_region_outline,UNITS50_UP,-1,-1;MOBILEHOME MOBILEHOME true true false 4 Long 0 0 ,First,#,C:\karst\appalachian_OF_working\Review_and_GIS\GIS_data\Appalachian_karst.mdb\appalachian_data\ARC_region_outline,MOBILEHOME,-1,-1;NO_FARMS87 NO_FARMS87 true true false 4 Long 0 0 ,First,#,C:\karst\appalachian_OF_working\Review_and_GIS\GIS_data\Appalachian_karst.mdb\appalachian_data\ARC_region_outline,NO_FARMS87,-1,-1;AVG_SIZE87 AVG_SIZE87 true true false 4 Long 0 0 ,First,#,C:\karst\appalachian_OF_working\Review_and_GIS\GIS_data\Appalachian_karst.mdb\appalachian_data\ARC_region_outline,AVG_SIZE87,-1,-1;CROP_ACR87 CROP_ACR87 true true false 4 Long 0 0 ,First,#,C:\karst\appalachian_OF_working\Review_and_GIS\GIS_data\Appalachian_karst.mdb\appalachian_data\ARC_region_outline,CROP_ACR87,-1,-1;AVG_SALE87 AVG_SALE87 true true false 4 Long 0 0 ,First,#,C:\karst\appalachian_OF_working\Review_and_GIS\GIS_data\Appalachian_karst.mdb\appalachian_data\ARC_region_outline,AVG_SALE87,-1,-1;Shape_Leng Shape_Length false true true 8 Double 0 0 ,First,#,C:\karst\appalachian_OF_working\Review_and_GIS\GIS_data\Appalachian_karst.mdb\appalachian_data\ARC_region_outline,Shape_Length,-1,-1;Shape_Area Shape_Area false true true 8 Double 0 0 ,First,#,C:\karst\appalachian_OF_working\Review_and_GIS\GIS_data\Appalachian_karst.mdb\appalachian_data\ARC_region_outline,Shape_Area,-1,-1" # C:\karst\appalachian_OF_working\Review_and_GIS\GIS_data\shapefiles\ARC_region_outline.shp</Process></lineage></DataProperties></Esri><idinfo><citation><citeinfo><onlink Sync="TRUE">\\IGSAAAHMWSG516\C$\karst\appalachian_OF_working\Review_and_GIS\GIS_data\shapefiles\ARC_region_outline.shp</onlink><origin>REQUIRED: The name of an organization or individual that developed the data set.</origin><pubdate>REQUIRED: The date when the data set is published or otherwise made available for release.</pubdate><title Sync="TRUE">ARC_region_outline</title><ftname Sync="TRUE">ARC_region_outline</ftname><geoform Sync="TRUE">vector digital data</geoform></citeinfo></citation><native Sync="TRUE">Microsoft Windows XP Version 5.1 (Build 2600) Service Pack 2; ESRI ArcCatalog 9.2.2.1350</native><descript><langdata Sync="TRUE">en</langdata><abstract>REQUIRED: A brief narrative summary of the data set.</abstract><purpose>REQUIRED: A summary of the intentions with which the data set was developed.</purpose></descript><timeperd><current>REQUIRED: The basis on which the time period of content information is determined.</current><timeinfo><sngdate><caldate>REQUIRED: The year (and optionally month, or month and day) for which the data set corresponds to the ground.</caldate></sngdate></timeinfo></timeperd><status><progress>REQUIRED: The state of the data set.</progress><update>REQUIRED: The frequency with which changes and additions are made to the data set after the initial data set is completed.</update></status><spdom><bounding><westbc Sync="TRUE">-90.349345</westbc><eastbc Sync="TRUE">-74.112704</eastbc><northbc Sync="TRUE">44.367768</northbc><southbc Sync="TRUE">31.180351</southbc></bounding><lboundng><leftbc Sync="TRUE">520617.937500</leftbc><rightbc Sync="TRUE">1738824.875000</rightbc><bottombc Sync="TRUE">-490173.718750</bottombc><topbc Sync="TRUE">854734.750000</topbc></lboundng></spdom><keywords><theme><themekt>REQUIRED: Reference to a formally registered thesaurus or a similar authoritative source of theme keywords.</themekt><themekey>REQUIRED: Common-use word or phrase used to describe the subject of the data set.</themekey></theme></keywords><accconst>REQUIRED: Restrictions and legal prerequisites for accessing the data set.</accconst><useconst>REQUIRED: Restrictions and legal prerequisites for using the data set after access is granted.</useconst><natvform Sync="TRUE">Shapefile</natvform></idinfo><distInfo><distributor><distorTran><onLineSrc><linkage Sync="TRUE">file://\\IGSAAAHMWSG516\C$\karst\appalachian_OF_working\Review_and_GIS\GIS_data\shapefiles\ARC_region_outline.shp</linkage><protocol Sync="TRUE">Local Area Network</protocol><orDesc Sync="TRUE">002</orDesc></onLineSrc><transSize Sync="TRUE">0.000</transSize></distorTran><distorFormat><formatName Sync="TRUE">Shapefile</formatName></distorFormat></distributor></distInfo><dataqual><lineage><procstep><procdesc Sync="TRUE">Dataset moved.</procdesc><srcused Sync="TRUE">c:\karst\appalachia\app_counties</srcused><date Sync="TRUE">20021028</date><time Sync="TRUE">08203100</time></procstep><procstep><procdesc Sync="TRUE">Dataset moved.</procdesc><srcused Sync="TRUE">c:\workspace\app_counties</srcused><date Sync="TRUE">20021028</date><time Sync="TRUE">08221600</time></procstep></lineage></dataqual><dataIdInfo><envirDesc Sync="TRUE">Microsoft Windows XP Version 5.1 (Build 2600) Service Pack 2; ESRI ArcCatalog 9.2.2.1350</envirDesc><dataLang><languageCode Sync="TRUE" value="en"></languageCode></dataLang><idCitation><resTitle Sync="TRUE">ARC_region_outline</resTitle><presForm><PresFormCd Sync="TRUE" value="005"></PresFormCd></presForm></idCitation><spatRpType><SpatRepTypCd Sync="TRUE" value="001"></SpatRepTypCd></spatRpType><geoBox esriExtentType="native"><westBL Sync="TRUE">520617.9375</westBL><eastBL Sync="TRUE">1738824.875</eastBL><northBL Sync="TRUE">854734.75</northBL><southBL Sync="TRUE">-490173.71875</southBL><exTypeCode Sync="TRUE">1</exTypeCode></geoBox><geoBox esriExtentType="decdegrees"><westBL Sync="TRUE">-90.349345</westBL><eastBL Sync="TRUE">-74.112704</eastBL><northBL Sync="TRUE">44.367768</northBL><southBL Sync="TRUE">31.180351</southBL><exTypeCode Sync="TRUE">1</exTypeCode></geoBox></dataIdInfo><metainfo><langmeta Sync="TRUE">en</langmeta><metstdn Sync="TRUE">FGDC Content Standards for Digital Geospatial Metadata</metstdn><metstdv Sync="TRUE">FGDC-STD-001-1998</metstdv><mettc Sync="TRUE">local time</mettc><metc><cntinfo><cntorgp><cntper>REQUIRED: The person responsible for the metadata information.</cntper><cntorg>REQUIRED: The organization responsible for the metadata information.</cntorg></cntorgp><cntaddr><addrtype>REQUIRED: The mailing and/or physical address for the organization or individual.</addrtype><city>REQUIRED: The city of the address.</city><state>REQUIRED: The state or province of the address.</state><postal>REQUIRED: The ZIP or other postal code of the address.</postal></cntaddr><cntvoice>REQUIRED: The telephone number by which individuals can speak to the organization or individual.</cntvoice></cntinfo></metc><metd Sync="TRUE">20080417</metd><metextns><onlink Sync="TRUE">http://www.esri.com/metadata/esriprof80.html</onlink><metprof Sync="TRUE">ESRI Metadata Profile</metprof></metextns></metainfo><mdLang><languageCode Sync="TRUE" value="en"></languageCode></mdLang><mdStanName Sync="TRUE">ISO 19115 Geographic Information - Metadata</mdStanName><mdStanVer Sync="TRUE">DIS_ESRI1.0</mdStanVer><mdChar><CharSetCd Sync="TRUE" value="004"></CharSetCd></mdChar><mdHrLv><ScopeCd Sync="TRUE" value="005"></ScopeCd></mdHrLv><mdHrLvName Sync="TRUE">dataset</mdHrLvName><distinfo><resdesc Sync="TRUE">Downloadable Data</resdesc><stdorder><digform><digtinfo><transize Sync="TRUE">0.000</transize><dssize Sync="TRUE">0.000</dssize></digtinfo></digform></stdorder></distinfo><spdoinfo><direct Sync="TRUE">Vector</direct><ptvctinf><esriterm Name="ARC_region_outline"><efeatyp Sync="TRUE">Simple</efeatyp><efeageom Sync="TRUE">Polygon</efeageom><esritopo Sync="TRUE">FALSE</esritopo><efeacnt Sync="TRUE">0</efeacnt><spindex Sync="TRUE">FALSE</spindex><linrefer Sync="TRUE">FALSE</linrefer></esriterm><sdtsterm Name="ARC_region_outline"><sdtstype Sync="TRUE">G-polygon</sdtstype><ptvctcnt Sync="TRUE">0</ptvctcnt></sdtsterm><esriterm Name="label"><efeatyp Sync="TRUE">Simple</efeatyp><efeageom Sync="TRUE">Label</efeageom><esritopo Sync="TRUE">FALSE</esritopo><efeacnt Sync="TRUE">1</efeacnt><spindex Sync="TRUE">FALSE</spindex><linrefer Sync="TRUE">FALSE</linrefer></esriterm><sdtsterm Name="label"><sdtstype Sync="TRUE">Label point</sdtstype><ptvctcnt Sync="TRUE">1</ptvctcnt></sdtsterm><esriterm Name="polygon"><efeatyp Sync="TRUE">Simple</efeatyp><efeageom Sync="TRUE">Polygon</efeageom><esritopo Sync="TRUE">TRUE</esritopo><efeacnt Sync="TRUE">1</efeacnt><spindex Sync="TRUE">FALSE</spindex><linrefer Sync="TRUE">FALSE</linrefer></esriterm><sdtsterm Name="polygon"><sdtstype Sync="TRUE">GT-polygon composed of chains</sdtstype><ptvctcnt Sync="TRUE">1</ptvctcnt></sdtsterm><esriterm Name="tic"><efeatyp Sync="TRUE">Simple</efeatyp><efeageom Sync="TRUE">Tic</efeageom><esritopo Sync="TRUE">FALSE</esritopo><efeacnt Sync="TRUE">4</efeacnt><spindex Sync="TRUE">FALSE</spindex><linrefer Sync="TRUE">FALSE</linrefer></esriterm><sdtsterm Name="tic"><sdtstype Sync="TRUE">Point</sdtstype><ptvctcnt Sync="TRUE">4</ptvctcnt></sdtsterm></ptvctinf></spdoinfo><spref><horizsys><cordsysn><geogcsn Sync="TRUE">GCS_North_American_1983</geogcsn><projcsn Sync="TRUE">NAD_1983_Albers</projcsn></cordsysn><geodetic><horizdn Sync="TRUE">North American Datum of 1983</horizdn><ellips Sync="TRUE">Geodetic Reference System 80</ellips><semiaxis Sync="TRUE">6378137.000000</semiaxis><denflat Sync="TRUE">298.257222</denflat></geodetic><planar><planci><plance Sync="TRUE">coordinate pair</plance><plandu Sync="TRUE">meters</plandu><coordrep><absres Sync="TRUE">0.000000</absres><ordres Sync="TRUE">0.000000</ordres></coordrep></planci><mapproj><mapprojn Sync="TRUE">Albers Conical Equal Area</mapprojn><albers><stdparll Sync="TRUE">25.000000</stdparll><stdparll Sync="TRUE">50.000000</stdparll><longcm Sync="TRUE">-96.000000</longcm><latprjo Sync="TRUE">37.000000</latprjo><feast Sync="TRUE">0.000000</feast><fnorth Sync="TRUE">0.000000</fnorth></albers></mapproj></planar></horizsys><vertdef><altsys><altenc Sync="TRUE">Explicit elevation coordinate included with horizontal coordinates</altenc><altres Sync="TRUE">0.000010</altres></altsys></vertdef></spref><refSysInfo><RefSystem><refSysID><identCode Sync="TRUE">NAD_1983_Albers</identCode></refSysID></RefSystem></refSysInfo><spatRepInfo><VectSpatRep><topLvl><TopoLevCd Sync="TRUE" value="001"></TopoLevCd></topLvl><geometObjs Name="ARC_region_outline"><geoObjTyp><GeoObjTypCd Sync="TRUE" value="001"></GeoObjTypCd></geoObjTyp><geoObjCnt Sync="TRUE">0</geoObjCnt></geometObjs></VectSpatRep></spatRepInfo><eainfo><detailed Name="ARC_region_outline"><enttyp><enttypl Sync="TRUE">ARC_region_outline</enttypl><enttypt Sync="TRUE">Feature Class</enttypt><enttypc Sync="TRUE">0</enttypc></enttyp><attr><attrlabl Sync="TRUE">Shape</attrlabl><attalias Sync="TRUE">Shape</attalias><attrtype Sync="TRUE">Geometry</attrtype><attwidth Sync="TRUE">0</attwidth><atprecis Sync="TRUE">0</atprecis><attscale Sync="TRUE">0</attscale><attrdef Sync="TRUE">Feature geometry.</attrdef><attrdefs Sync="TRUE">ESRI</attrdefs><attrdomv><udom Sync="TRUE">Coordinates defining the features.</udom></attrdomv></attr><attr><attrlabl Sync="TRUE">AVG_SALE87</attrlabl><attwidth Sync="TRUE">4</attwidth><atoutwid Sync="TRUE">10</atoutwid><attrtype Sync="TRUE">Binary</attrtype></attr><attr><attrlabl Sync="TRUE">Shape_Area</attrlabl><attalias Sync="TRUE">Shape_Area</attalias><attrtype Sync="TRUE">Float</attrtype><attwidth Sync="TRUE">13</attwidth><attrdef Sync="TRUE">Area of feature in internal units squared.</attrdef><attrdefs Sync="TRUE">ESRI</attrdefs><attrdomv><udom Sync="TRUE">Positive real numbers that are automatically generated.</udom></attrdomv><atnumdec Sync="TRUE">11</atnumdec></attr><attr><attrlabl Sync="TRUE">AREA</attrlabl><attwidth Sync="TRUE">13</attwidth><atoutwid Sync="TRUE">12</atoutwid><attrtype Sync="TRUE">Float</attrtype><atnumdec Sync="TRUE">11</atnumdec><attrdef Sync="TRUE">Area of feature in internal units squared.</attrdef><attrdefs Sync="TRUE">ESRI</attrdefs><attrdomv><udom Sync="TRUE">Positive real numbers that are automatically generated.</udom></attrdomv></attr><attr><attrlabl Sync="TRUE">PERIMETER</attrlabl><attwidth Sync="TRUE">9</attwidth><atoutwid Sync="TRUE">12</atoutwid><attrtype Sync="TRUE">Number</attrtype><attrdef Sync="TRUE">Perimeter of feature in internal units.</attrdef><attrdefs Sync="TRUE">ESRI</attrdefs><attrdomv><udom Sync="TRUE">Positive real numbers that are automatically generated.</udom></attrdomv></attr><attr><attrlabl Sync="TRUE">NAME</attrlabl><attwidth Sync="TRUE">9</attwidth><atoutwid Sync="TRUE">32</atoutwid><attrtype Sync="TRUE">Number</attrtype></attr><attr><attrlabl Sync="TRUE">STATE_NAME</attrlabl><attwidth Sync="TRUE">32</attwidth><atoutwid Sync="TRUE">25</atoutwid><attrtype Sync="TRUE">String</attrtype></attr><attr><attrlabl Sync="TRUE">STATE_FIPS</attrlabl><attwidth Sync="TRUE">25</attwidth><atoutwid Sync="TRUE">2</atoutwid><attrtype Sync="TRUE">String</attrtype></attr><attr><attrlabl Sync="TRUE">CNTY_FIPS</attrlabl><attwidth Sync="TRUE">2</attwidth><atoutwid Sync="TRUE">3</atoutwid><attrtype Sync="TRUE">String</attrtype></attr><attr><attrlabl Sync="TRUE">FIPS</attrlabl><attwidth Sync="TRUE">3</attwidth><atoutwid Sync="TRUE">5</atoutwid><attrtype Sync="TRUE">String</attrtype></attr><attr><attrlabl Sync="TRUE">POP1990</attrlabl><attwidth Sync="TRUE">5</attwidth><atoutwid Sync="TRUE">10</atoutwid><attrtype Sync="TRUE">String</attrtype></attr><attr><attrlabl Sync="TRUE">POP1999</attrlabl><attwidth Sync="TRUE">9</attwidth><atoutwid Sync="TRUE">10</atoutwid><attrtype Sync="TRUE">Number</attrtype></attr><attr><attrlabl Sync="TRUE">POP90_SQMI</attrlabl><attwidth Sync="TRUE">9</attwidth><atoutwid Sync="TRUE">10</atoutwid><attrtype Sync="TRUE">Number</attrtype></attr><attr><attrlabl Sync="TRUE">HOUSEHOLDS</attrlabl><attwidth Sync="TRUE">9</attwidth><atoutwid Sync="TRUE">10</atoutwid><attrtype Sync="TRUE">Number</attrtype></attr><attr><attrlabl Sync="TRUE">MALES</attrlabl><attwidth Sync="TRUE">9</attwidth><atoutwid Sync="TRUE">10</atoutwid><attrtype Sync="TRUE">Number</attrtype></attr><attr><attrlabl Sync="TRUE">FEMALES</attrlabl><attwidth Sync="TRUE">9</attwidth><atoutwid Sync="TRUE">10</atoutwid><attrtype Sync="TRUE">Number</attrtype></attr><attr><attrlabl Sync="TRUE">WHITE</attrlabl><attwidth Sync="TRUE">9</attwidth><atoutwid Sync="TRUE">10</atoutwid><attrtype Sync="TRUE">Number</attrtype></attr><attr><attrlabl Sync="TRUE">BLACK</attrlabl><attwidth Sync="TRUE">9</attwidth><atoutwid Sync="TRUE">10</atoutwid><attrtype Sync="TRUE">Number</attrtype></attr><attr><attrlabl Sync="TRUE">AMERI_ES</attrlabl><attwidth Sync="TRUE">9</attwidth><atoutwid Sync="TRUE">10</atoutwid><attrtype Sync="TRUE">Number</attrtype></attr><attr><attrlabl Sync="TRUE">ASIAN_PI</attrlabl><attwidth Sync="TRUE">9</attwidth><atoutwid Sync="TRUE">10</atoutwid><attrtype Sync="TRUE">Number</attrtype></attr><attr><attrlabl Sync="TRUE">OTHER</attrlabl><attwidth Sync="TRUE">9</attwidth><atoutwid Sync="TRUE">10</atoutwid><attrtype Sync="TRUE">Number</attrtype></attr><attr><attrlabl Sync="TRUE">HISPANIC</attrlabl><attwidth Sync="TRUE">9</attwidth><atoutwid Sync="TRUE">10</atoutwid><attrtype Sync="TRUE">Number</attrtype></attr><attr><attrlabl Sync="TRUE">AGE_UNDER5</attrlabl><attwidth Sync="TRUE">9</attwidth><atoutwid Sync="TRUE">10</atoutwid><attrtype Sync="TRUE">Number</attrtype></attr><attr><attrlabl Sync="TRUE">AGE_5_17</attrlabl><attwidth Sync="TRUE">9</attwidth><atoutwid Sync="TRUE">10</atoutwid><attrtype Sync="TRUE">Number</attrtype></attr><attr><attrlabl Sync="TRUE">AGE_18_29</attrlabl><attwidth Sync="TRUE">9</attwidth><atoutwid Sync="TRUE">10</atoutwid><attrtype Sync="TRUE">Number</attrtype></attr><attr><attrlabl Sync="TRUE">AGE_30_49</attrlabl><attwidth Sync="TRUE">9</attwidth><atoutwid Sync="TRUE">10</atoutwid><attrtype Sync="TRUE">Number</attrtype></attr><attr><attrlabl Sync="TRUE">AGE_50_64</attrlabl><attwidth Sync="TRUE">9</attwidth><atoutwid Sync="TRUE">10</atoutwid><attrtype Sync="TRUE">Number</attrtype></attr><attr><attrlabl Sync="TRUE">AGE_65_UP</attrlabl><attwidth Sync="TRUE">9</attwidth><atoutwid Sync="TRUE">10</atoutwid><attrtype Sync="TRUE">Number</attrtype></attr><attr><attrlabl Sync="TRUE">NEVERMARRY</attrlabl><attwidth Sync="TRUE">9</attwidth><atoutwid Sync="TRUE">10</atoutwid><attrtype Sync="TRUE">Number</attrtype></attr><attr><attrlabl Sync="TRUE">MARRIED</attrlabl><attwidth Sync="TRUE">9</attwidth><atoutwid Sync="TRUE">10</atoutwid><attrtype Sync="TRUE">Number</attrtype></attr><attr><attrlabl Sync="TRUE">SEPARATED</attrlabl><attwidth Sync="TRUE">9</attwidth><atoutwid Sync="TRUE">10</atoutwid><attrtype Sync="TRUE">Number</attrtype></attr><attr><attrlabl Sync="TRUE">WIDOWED</attrlabl><attwidth Sync="TRUE">9</attwidth><atoutwid Sync="TRUE">10</atoutwid><attrtype Sync="TRUE">Number</attrtype></attr><attr><attrlabl Sync="TRUE">DIVORCED</attrlabl><attwidth Sync="TRUE">9</attwidth><atoutwid Sync="TRUE">10</atoutwid><attrtype Sync="TRUE">Number</attrtype></attr><attr><attrlabl Sync="TRUE">HSEHLD_1_M</attrlabl><attwidth Sync="TRUE">9</attwidth><atoutwid Sync="TRUE">10</atoutwid><attrtype Sync="TRUE">Number</attrtype></attr><attr><attrlabl Sync="TRUE">HSEHLD_1_F</attrlabl><attwidth Sync="TRUE">9</attwidth><atoutwid Sync="TRUE">10</atoutwid><attrtype Sync="TRUE">Number</attrtype></attr><attr><attrlabl Sync="TRUE">MARHH_CHD</attrlabl><attwidth Sync="TRUE">9</attwidth><atoutwid Sync="TRUE">10</atoutwid><attrtype Sync="TRUE">Number</attrtype></attr><attr><attrlabl Sync="TRUE">MARHH_NO_C</attrlabl><attwidth Sync="TRUE">9</attwidth><atoutwid Sync="TRUE">10</atoutwid><attrtype Sync="TRUE">Number</attrtype></attr><attr><attrlabl Sync="TRUE">MHH_CHILD</attrlabl><attwidth Sync="TRUE">9</attwidth><atoutwid Sync="TRUE">10</atoutwid><attrtype Sync="TRUE">Number</attrtype></attr><attr><attrlabl Sync="TRUE">FHH_CHILD</attrlabl><attwidth Sync="TRUE">9</attwidth><atoutwid Sync="TRUE">10</atoutwid><attrtype Sync="TRUE">Number</attrtype></attr><attr><attrlabl Sync="TRUE">HSE_UNITS</attrlabl><attwidth Sync="TRUE">9</attwidth><atoutwid Sync="TRUE">10</atoutwid><attrtype Sync="TRUE">Number</attrtype></attr><attr><attrlabl Sync="TRUE">VACANT</attrlabl><attwidth Sync="TRUE">9</attwidth><atoutwid Sync="TRUE">10</atoutwid><attrtype Sync="TRUE">Number</attrtype></attr><attr><attrlabl Sync="TRUE">OWNER_OCC</attrlabl><attwidth Sync="TRUE">9</attwidth><atoutwid Sync="TRUE">10</atoutwid><attrtype Sync="TRUE">Number</attrtype></attr><attr><attrlabl Sync="TRUE">RENTER_OCC</attrlabl><attwidth Sync="TRUE">9</attwidth><atoutwid Sync="TRUE">10</atoutwid><attrtype Sync="TRUE">Number</attrtype></attr><attr><attrlabl Sync="TRUE">MEDIAN_VAL</attrlabl><attwidth Sync="TRUE">9</attwidth><atoutwid Sync="TRUE">10</atoutwid><attrtype Sync="TRUE">Number</attrtype></attr><attr><attrlabl Sync="TRUE">MEDIANRENT</attrlabl><attwidth Sync="TRUE">9</attwidth><atoutwid Sync="TRUE">10</atoutwid><attrtype Sync="TRUE">Number</attrtype></attr><attr><attrlabl Sync="TRUE">UNITS_1DET</attrlabl><attwidth Sync="TRUE">9</attwidth><atoutwid Sync="TRUE">10</atoutwid><attrtype Sync="TRUE">Number</attrtype></attr><attr><attrlabl Sync="TRUE">UNITS_1ATT</attrlabl><attwidth Sync="TRUE">9</attwidth><atoutwid Sync="TRUE">10</atoutwid><attrtype Sync="TRUE">Number</attrtype></attr><attr><attrlabl Sync="TRUE">UNITS2</attrlabl><attwidth Sync="TRUE">9</attwidth><atoutwid Sync="TRUE">10</atoutwid><attrtype Sync="TRUE">Number</attrtype></attr><attr><attrlabl Sync="TRUE">UNITS3_9</attrlabl><attwidth Sync="TRUE">9</attwidth><atoutwid Sync="TRUE">10</atoutwid><attrtype Sync="TRUE">Number</attrtype></attr><attr><attrlabl Sync="TRUE">UNITS10_49</attrlabl><attwidth Sync="TRUE">9</attwidth><atoutwid Sync="TRUE">10</atoutwid><attrtype Sync="TRUE">Number</attrtype></attr><attr><attrlabl Sync="TRUE">UNITS50_UP</attrlabl><attwidth Sync="TRUE">9</attwidth><atoutwid Sync="TRUE">10</atoutwid><attrtype Sync="TRUE">Number</attrtype></attr><attr><attrlabl Sync="TRUE">MOBILEHOME</attrlabl><attwidth Sync="TRUE">9</attwidth><atoutwid Sync="TRUE">10</atoutwid><attrtype Sync="TRUE">Number</attrtype></attr><attr><attrlabl Sync="TRUE">NO_FARMS87</attrlabl><attwidth Sync="TRUE">9</attwidth><atoutwid Sync="TRUE">10</atoutwid><attrtype Sync="TRUE">Number</attrtype></attr><attr><attrlabl Sync="TRUE">CROP_ACR87</attrlabl><attwidth Sync="TRUE">9</attwidth><atoutwid Sync="TRUE">10</atoutwid><attrtype Sync="TRUE">Number</attrtype></attr><attr><attrlabl Sync="TRUE">FID</attrlabl><attalias Sync="TRUE">FID</attalias><attrtype Sync="TRUE">Number</attrtype><attwidth Sync="TRUE">9</attwidth><attrdef Sync="TRUE">Internal feature number.</attrdef><attrdefs Sync="TRUE">ESRI</attrdefs><attrdomv><udom Sync="TRUE">Sequential unique whole numbers that are automatically generated.</udom></attrdomv></attr><attr><attrlabl Sync="TRUE">AP_REGION_</attrlabl><attalias Sync="TRUE">AP_REGION_</attalias><attrtype Sync="TRUE">Number</attrtype><attwidth Sync="TRUE">9</attwidth></attr><attr><attrlabl Sync="TRUE">AVG_SIZE87</attrlabl><attwidth Sync="TRUE">9</attwidth><atoutwid Sync="TRUE">10</atoutwid><attrtype Sync="TRUE">Number</attrtype></attr><attr><attrlabl Sync="TRUE">AP_REGION1</attrlabl><attalias Sync="TRUE">AP_REGION1</attalias><attrtype Sync="TRUE">Float</attrtype><attwidth Sync="TRUE">19</attwidth><atnumdec Sync="TRUE">11</atnumdec></attr><attr><attrlabl Sync="TRUE">Shape_Leng</attrlabl><attalias Sync="TRUE">Shape_Leng</attalias><attrtype Sync="TRUE">Float</attrtype><attwidth Sync="TRUE">19</attwidth><atnumdec Sync="TRUE">11</atnumdec></attr></detailed></eainfo><mdDateSt Sync="TRUE">20080417</mdDateSt></metadata>
